question_id,question_type,source_types,expected_doc_ids,hit_jv100_bm100,size_jv100_bm100,hit_jv100_bm500,size_jv100_bm500,hit_jv100_bm1000,size_jv100_bm1000,hit_jv100_bm2000,size_jv100_bm2000,hit_jv100_bm5000,size_jv100_bm5000,hit_jv500_bm100,size_jv500_bm100,hit_jv500_bm500,size_jv500_bm500,hit_jv500_bm1000,size_jv500_bm1000,hit_jv500_bm2000,size_jv500_bm2000,hit_jv500_bm5000,size_jv500_bm5000,hit_jv1000_bm100,size_jv1000_bm100,hit_jv1000_bm500,size_jv1000_bm500,hit_jv1000_bm1000,size_jv1000_bm1000,hit_jv1000_bm2000,size_jv1000_bm2000,hit_jv1000_bm5000,size_jv1000_bm5000,hit_jv2000_bm100,size_jv2000_bm100,hit_jv2000_bm500,size_jv2000_bm500,hit_jv2000_bm1000,size_jv2000_bm1000,hit_jv2000_bm2000,size_jv2000_bm2000,hit_jv2000_bm5000,size_jv2000_bm5000,hit_jv5000_bm100,size_jv5000_bm100,hit_jv5000_bm500,size_jv5000_bm500,hit_jv5000_bm1000,size_jv5000_bm1000,hit_jv5000_bm2000,size_jv5000_bm2000,hit_jv5000_bm5000,size_jv5000_bm5000
qst_0001,basic,github,dsid_ae068ee4aa9640159427cd941bef0238,1,173,1,540,1,1030,1,2021,1,5014,1,558,1,890,1,1336,1,2262,1,5176,1,1049,1,1354,1,1762,1,2640,1,5473,1,2037,1,2308,1,2662,1,3457,1,6172,1,5028,1,5244,1,5540,1,6235,1,8733
qst_0002,basic,github,dsid_9550250a59e74f1bbd5612480b2e7100,1,194,1,587,1,1081,1,2075,1,5064,1,584,1,955,1,1432,1,2402,1,5355,1,1080,1,1431,1,1897,1,2836,1,5747,1,2074,1,2406,1,2838,1,3745,1,6573,1,5061,1,5343,1,5730,1,6541,1,9130
qst_0003,basic,linear,dsid_3fd6af404fae48e6b8ea5a57875ef78f,1,149,1,510,1,1006,1,2002,1,5000,1,507,1,745,1,1187,1,2145,1,5097,1,1003,1,1175,1,1557,1,2455,1,5321,1,2003,1,2127,1,2428,1,3213,1,5897,1,5001,1,5067,1,5269,1,5865,1,8222
qst_0004,basic,fireflies,dsid_6c4c1c875e704f09b4d791d64d7bc7e5,1,170,1,546,1,1027,1,2016,1,5004,1,550,1,838,1,1253,1,2168,1,5079,1,1038,1,1273,1,1628,1,2467,1,5293,1,2025,1,2208,1,2505,1,3257,1,5931,1,5013,1,5130,1,5329,1,5910,1,8276
qst_0005,basic,gmail,dsid_8e838ab6a98f4cbcb672d41f210ff89c,1,197,1,586,1,1078,1,2069,1,5044,1,590,1,951,1,1422,1,2383,1,5285,1,1078,1,1419,1,1866,1,2785,1,5603,1,2064,1,2365,1,2779,1,3643,1,6351,1,5046,1,5278,1,5619,1,6370,1,8766
qst_0006,basic,google_drive,dsid_184be937d34a412ab5e61366d54d8ed6,1,182,1,568,1,1058,1,2042,1,5022,1,560,1,911,1,1358,1,2299,1,5202,1,1054,1,1376,1,1786,1,2676,1,5493,1,2043,1,2318,1,2680,1,3497,1,6161,1,5029,1,5211,1,5501,1,6170,1,8528
qst_0007,basic,google_drive,dsid_72ec4a9962ba43e88acd61abbba1052d,1,199,1,596,1,1092,1,2083,1,5072,1,591,1,981,1,1474,1,2450,1,5397,1,1089,1,1462,1,1941,1,2898,1,5820,1,2084,1,2437,1,2895,1,3826,1,6690,1,5076,1,5400,1,5828,1,6694,1,9423
qst_0008,basic,google_drive,dsid_5fc2dba9f6ac4af2b49b4f546a4298d0,1,200,1,599,1,1095,1,2093,1,5084,1,598,1,993,1,1482,1,2471,1,5438,1,1097,1,1490,1,1975,1,2952,1,5900,1,2093,1,2479,1,2955,1,3916,1,6819,1,5084,1,5457,1,5908,1,6829,1,9641
qst_0009,basic,gmail,dsid_85deb10a652742baaf28af6149600001,1,190,1,580,1,1068,1,2062,1,5049,1,584,1,954,1,1432,1,2412,1,5364,1,1077,1,1433,1,1904,1,2863,1,5779,1,2072,1,2398,1,2854,1,3786,1,6647,1,5051,1,5335,1,5747,1,6607,1,9296
qst_0010,basic,github,dsid_c1a6a71323c04c1ba5445aadea340362,1,192,1,581,1,1076,1,2066,1,5056,1,574,1,926,1,1403,1,2375,1,5312,1,1063,1,1398,1,1856,1,2802,1,5689,1,2051,1,2362,1,2795,1,3705,1,6510,1,5040,1,5314,1,5690,1,6535,1,9189
qst_0011,basic,confluence,dsid_46a4cb87db414e769f2df86f01626948,1,180,1,571,1,1065,1,2060,1,5056,1,563,1,939,1,1417,1,2398,1,5371,1,1055,1,1420,1,1888,1,2849,1,5795,1,2050,1,2394,1,2845,1,3782,1,6687,1,5042,1,5368,1,5788,1,6677,1,9457
qst_0012,basic,jira,dsid_59cb294da8964683bb165a3bb615df71,1,164,1,547,1,1042,1,2038,1,5028,1,542,1,901,1,1374,1,2346,1,5279,1,1039,1,1391,1,1836,1,2777,1,5654,1,2030,1,2362,1,2785,1,3682,1,6475,1,5021,1,5333,1,5728,1,6554,1,9174
qst_0013,basic,confluence,dsid_f1b208f3637e4987aeab371242a5bea5,1,186,1,568,1,1059,1,2050,1,5033,1,567,1,898,1,1362,1,2316,1,5225,1,1054,1,1356,1,1799,1,2719,1,5556,1,2038,1,2309,1,2726,1,3608,1,6346,1,5029,1,5257,1,5615,1,6419,1,8989
qst_0014,basic,fireflies,dsid_9ed01291d81947f49500df5fb28ab724,1,181,1,567,1,1058,1,2051,1,5022,1,569,1,901,1,1365,1,2326,1,5206,1,1055,1,1347,1,1775,1,2700,1,5485,1,2044,1,2273,1,2658,1,3524,1,6154,1,5023,1,5198,1,5510,1,6257,1,8615
qst_0015,basic,hubspot,dsid_e75bbf328fe349d2bb39e29b1ed7c9d5,1,199,1,590,1,1086,1,2071,1,5053,1,591,1,954,1,1424,1,2381,1,5277,1,1084,1,1433,1,1880,1,2807,1,5616,1,2075,1,2392,1,2803,1,3667,1,6358,1,5063,1,5318,1,5665,1,6423,1,8869
qst_0016,basic,confluence,dsid_ba7d1565b0694e359983bccaa4bf5977,0,185,1,570,1,1061,1,2053,1,5043,0,569,1,910,1,1381,1,2359,1,5314,1,1056,1,1366,1,1819,1,2783,1,5709,1,2042,1,2317,1,2758,1,3698,1,6570,1,5037,1,5272,1,5682,1,6550,1,9303
qst_0017,basic,hubspot,dsid_03af1e44970d4d6db6e85bc2c5fce8de,1,194,1,556,1,1040,1,2025,1,5006,1,567,1,865,1,1288,1,2204,1,5078,1,1051,1,1286,1,1660,1,2493,1,5245,1,2034,1,2203,1,2508,1,3237,1,5750,1,5012,1,5108,1,5307,1,5838,1,7895
qst_0018,basic,linear,dsid_1f81f208f51a4aacaca226109bbedc72,1,186,1,571,1,1066,1,2057,1,5044,1,574,1,930,1,1407,1,2379,1,5317,1,1065,1,1396,1,1850,1,2793,1,5677,1,2050,1,2348,1,2770,1,3669,1,6451,1,5039,1,5268,1,5612,1,6376,1,8878
qst_0019,basic,jira,dsid_e728a420a02a4ddcb125e6adb09d211e,1,145,1,517,1,1015,1,2011,1,5008,1,523,1,836,1,1311,1,2269,1,5213,1,1022,1,1299,1,1750,1,2677,1,5553,1,2020,1,2256,1,2673,1,3553,1,6339,1,5017,1,5221,1,5588,1,6383,1,8995
qst_0020,basic,github,dsid_1c53affffb4f477ca476bec3138b60eb,1,171,1,544,1,1037,1,2031,1,5020,1,549,1,867,1,1334,1,2295,1,5222,1,1040,1,1327,1,1766,1,2690,1,5561,1,2031,1,2293,1,2700,1,3560,1,6318,1,5020,1,5243,1,5607,1,6375,1,8929
qst_0021,basic,confluence,dsid_d7f0edbaa28147da807b5b85ea495bd1,1,185,1,564,1,1060,1,2052,1,5042,1,564,1,910,1,1391,1,2365,1,5314,1,1050,1,1378,1,1850,1,2806,1,5723,1,2036,1,2341,1,2793,1,3719,1,6572,1,5027,1,5282,1,5699,1,6568,1,9280
qst_0022,basic,confluence,dsid_f2f019c122154edc8b21f56879661043,1,183,1,547,1,1024,1,2009,1,5006,1,549,1,814,1,1210,1,2119,1,5065,1,1036,1,1232,1,1562,1,2388,1,5243,1,2019,1,2155,1,2411,1,3123,1,5784,1,5009,1,5079,1,5243,1,5783,1,7986
qst_0023,basic,confluence,dsid_a2983978ba0d4d70a795eb7e13de8670,1,186,1,580,1,1078,1,2075,1,5069,1,585,1,965,1,1454,1,2438,1,5404,1,1082,1,1458,1,1939,1,2908,1,5849,1,2081,1,2446,1,2920,1,3865,1,6763,1,5077,1,5420,1,5874,1,6778,1,9603
qst_0024,basic,jira,dsid_1d5a3cde61104276b218c05dc101a546,1,179,1,558,1,1054,1,2045,1,5026,1,553,1,902,1,1378,1,2334,1,5262,1,1041,1,1374,1,1836,1,2769,1,5639,1,2032,1,2349,1,2793,1,3693,1,6472,1,5021,1,5291,1,5703,1,6537,1,9105
qst_0025,basic,confluence,dsid_9c8cb10d65324c03a8ededbd98c1b058,1,198,1,593,1,1093,1,2089,1,5083,1,594,1,980,1,1477,1,2469,1,5442,1,1093,1,1469,1,1960,1,2942,1,5898,1,2090,1,2458,1,2940,1,3904,1,6829,1,5085,1,5429,1,5891,1,6824,1,9666
qst_0026,basic,gmail,dsid_c6a6396159964deeb021d646eaaf2b0c,1,174,1,549,1,1039,1,2034,1,5020,1,556,1,885,1,1335,1,2290,1,5202,1,1044,1,1331,1,1750,1,2665,1,5507,1,2028,1,2282,1,2660,1,3521,1,6261,1,5018,1,5207,1,5526,1,6302,1,8840
qst_0027,basic,gmail,dsid_214ba4ea822e4d328287194a5e27e632,1,196,1,584,1,1077,1,2067,1,5054,1,581,1,940,1,1417,1,2373,1,5319,1,1069,1,1401,1,1869,1,2803,1,5704,1,2061,1,2368,1,2801,1,3699,1,6513,1,5055,1,5320,1,5706,1,6538,1,9189
qst_0028,basic,slack,dsid_7c0157af909c4a6190e00e1fc6b92b73,1,146,1,534,1,1028,1,2023,1,5016,1,538,1,882,1,1333,1,2292,1,5219,1,1035,1,1351,1,1780,1,2701,1,5556,1,2031,1,2311,1,2706,1,3576,1,6321,1,5027,1,5246,1,5584,1,6338,1,8830
qst_0029,basic,jira,dsid_429267fe79c74918a26272f6c0e48f10,1,182,1,568,1,1064,1,2051,1,5043,1,570,1,936,1,1412,1,2373,1,5330,1,1060,1,1406,1,1868,1,2812,1,5725,1,2054,1,2384,1,2818,1,3738,1,6585,1,5041,1,5332,1,5721,1,6592,1,9291
qst_0030,basic,linear,dsid_54525a33e2d44d4a9b665feaf8fab624,1,195,1,590,1,1081,1,2075,1,5063,1,590,1,967,1,1448,1,2420,1,5360,1,1083,1,1443,1,1913,1,2863,1,5767,1,2068,1,2408,1,2856,1,3774,1,6620,1,5053,1,5355,1,5761,1,6610,1,9295
qst_0031,basic,confluence,dsid_c198dbbcf28a4c73ad1d705809634176,1,195,1,584,1,1074,1,2063,1,5048,1,586,1,951,1,1428,1,2373,1,5293,1,1077,1,1425,1,1883,1,2793,1,5650,1,2071,1,2390,1,2820,1,3676,1,6430,1,5052,1,5318,1,5682,1,6432,1,8957
qst_0032,basic,linear,dsid_39e191ec758c41a8adecd223951b8b93,1,195,1,581,1,1075,1,2065,1,5046,1,580,1,934,1,1392,1,2340,1,5251,1,1070,1,1381,1,1819,1,2726,1,5553,1,2059,1,2333,1,2723,1,3561,1,6238,1,5041,1,5243,1,5560,1,6276,1,8670
qst_0033,basic,fireflies,dsid_05faa1ab6427403888a06d7083c7f0a9,1,197,1,595,1,1094,1,2089,1,5077,1,590,1,983,1,1478,1,2452,1,5401,1,1084,1,1470,1,1957,1,2916,1,5824,1,2082,1,2452,1,2922,1,3844,1,6675,1,5069,1,5392,1,5816,1,6655,1,9270
qst_0034,basic,linear,dsid_1867cdf06a00437194b3250c75321a92,1,157,1,510,1,1003,1,2001,1,5000,1,503,1,710,1,1147,1,2100,1,5055,1,1000,1,1153,1,1529,1,2414,1,5279,1,2000,1,2104,1,2398,1,3189,1,5899,1,5000,1,5054,1,5252,1,5855,1,8192
qst_0035,basic,confluence,dsid_7c73cb76b80a41edb4959db4b1e7308b,1,198,1,595,1,1091,1,2081,1,5064,1,597,1,981,1,1469,1,2440,1,5382,1,1092,1,1464,1,1942,1,2898,1,5799,1,2091,1,2452,1,2917,1,3846,1,6669,1,5082,1,5402,1,5833,1,6676,1,9302
qst_0036,basic,linear,dsid_f94b93a4bc7948ddab45c371187dc6c6,1,197,1,594,1,1088,1,2080,1,5060,1,593,1,979,1,1466,1,2448,1,5391,1,1088,1,1467,1,1948,1,2913,1,5813,1,2083,1,2446,1,2912,1,3838,1,6663,1,5073,1,5389,1,5801,1,6652,1,9287
qst_0037,basic,jira,dsid_18621ce91fd14b408a2be95336bb4ab0,1,195,1,582,1,1076,1,2063,1,5038,1,584,1,941,1,1402,1,2360,1,5249,1,1075,1,1404,1,1842,1,2759,1,5570,1,2065,1,2348,1,2742,1,3582,1,6257,1,5036,1,5224,1,5535,1,6220,1,8598
qst_0038,basic,fireflies,dsid_f4e0ec9fc27c4e52a55b34af90fcd1b0,1,198,1,595,1,1092,1,2086,1,5071,1,593,1,977,1,1462,1,2433,1,5365,1,1089,1,1460,1,1927,1,2873,1,5761,1,2078,1,2436,1,2877,1,3779,1,6569,1,5053,1,5345,1,5727,1,6527,1,9116
qst_0039,basic,google_drive,dsid_f0567bbb5dbd4a52aef951e11ec13f2b,1,194,1,583,1,1076,1,2068,1,5061,1,578,1,932,1,1400,1,2366,1,5318,1,1068,1,1406,1,1857,1,2784,1,5698,1,2058,1,2363,1,2785,1,3672,1,6509,1,5043,1,5301,1,5673,1,6482,1,9131
qst_0040,basic,confluence,dsid_43ecb807903f46848e8d099b6c8beb04,1,192,1,585,1,1078,1,2071,1,5058,1,578,1,945,1,1423,1,2396,1,5334,1,1073,1,1422,1,1881,1,2834,1,5724,1,2066,1,2388,1,2818,1,3716,1,6492,1,5049,1,5312,1,5677,1,6471,1,9018
qst_0041,basic,fireflies,dsid_862bb899faac43feab4f92a12d320e7c,1,198,1,591,1,1086,1,2075,1,5056,1,583,1,946,1,1428,1,2389,1,5314,1,1073,1,1416,1,1871,1,2794,1,5667,1,2059,1,2374,1,2792,1,3665,1,6414,1,5051,1,5313,1,5676,1,6448,1,8946
qst_0042,basic,hubspot,dsid_eea41d353de049aa89be98b6f9cf5de1,1,188,1,555,1,1037,1,2027,1,5019,1,570,1,870,1,1299,1,2223,1,5158,1,1061,1,1310,1,1686,1,2561,1,5425,1,2044,1,2254,1,2590,1,3377,1,6134,1,5030,1,5161,1,5423,1,6088,1,8608
qst_0043,basic,slack,dsid_321eee6325824623833bbe754bf83a0b,0,193,0,575,0,1068,0,2051,0,5029,0,571,0,929,0,1395,0,2338,0,5229,0,1057,0,1394,0,1828,0,2728,0,5547,0,2047,0,2331,0,2723,0,3550,0,6215,0,5030,0,5220,0,5535,0,6237,0,8545
qst_0044,basic,gmail,dsid_94f011e1d2d04c89a4edc1d68ed9d855,1,178,1,565,1,1057,1,2050,1,5043,1,568,1,926,1,1383,1,2347,1,5274,1,1065,1,1401,1,1830,1,2756,1,5609,1,2050,1,2350,1,2740,1,3609,1,6342,1,5031,1,5264,1,5554,1,6291,1,8735
qst_0045,basic,jira,dsid_a673ed031ece43c5bc4a0d27a284c8dc,1,191,1,580,1,1065,1,2049,1,5030,1,579,1,936,1,1388,1,2324,1,5222,1,1062,1,1382,1,1800,1,2694,1,5505,1,2049,1,2319,1,2690,1,3511,1,6196,1,5036,1,5227,1,5526,1,6173,1,8561
qst_0046,basic,gmail,dsid_3be2b45196414cad9b187551da3ed448,1,193,1,590,1,1089,1,2087,1,5086,1,587,1,977,1,1471,1,2457,1,5442,1,1080,1,1462,1,1953,1,2936,1,5894,1,2075,1,2441,1,2920,1,3888,1,6799,1,5067,1,5408,1,5860,1,6796,1,9609
qst_0047,basic,google_drive,dsid_7a2cfe4b7e574e6995f33e64bbdbf426,1,151,1,504,1,1001,1,2000,1,5000,1,505,1,716,1,1201,1,2193,1,5184,1,1001,1,1189,1,1666,1,2649,1,5606,1,2001,1,2165,1,2631,1,3598,1,6531,1,5000,1,5146,1,5590,1,6527,1,9387
qst_0048,basic,linear,dsid_8412db85d95a45f7bbfb14dacedb4d8b,1,192,1,581,1,1076,1,2067,1,5058,1,581,1,952,1,1426,1,2398,1,5357,1,1073,1,1429,1,1886,1,2831,1,5758,1,2062,1,2400,1,2838,1,3756,1,6635,1,5050,1,5342,1,5732,1,6585,1,9324
qst_0049,basic,gmail,dsid_e04776cee2964731b96192cae88e9e6b,1,196,1,590,1,1086,1,2065,1,5050,1,585,1,958,1,1427,1,2373,1,5302,1,1072,1,1420,1,1856,1,2766,1,5629,1,2061,1,2366,1,2771,1,3621,1,6371,1,5041,1,5263,1,5596,1,6317,1,8821
qst_0050,basic,google_drive,dsid_089917448e654911bd186650ed12feb9,1,188,1,586,1,1083,1,2074,1,5056,1,575,1,948,1,1426,1,2391,1,5300,1,1069,1,1422,1,1883,1,2824,1,5660,1,2062,1,2394,1,2832,1,3728,1,6466,1,5054,1,5351,1,5747,1,6572,1,9121
qst_0051,basic,slack,dsid_27bd877a9fb74bcaa4e93871f28f3f4d,1,198,1,593,1,1087,1,2080,1,5071,1,593,1,980,1,1462,1,2439,1,5392,1,1089,1,1465,1,1936,1,2897,1,5806,1,2079,1,2432,1,2886,1,3799,1,6640,1,5065,1,5379,1,5792,1,6629,1,9293
qst_0052,basic,github,dsid_49215834c17d4f0c98d4ad11f62f0c9a,1,195,1,586,1,1082,1,2070,1,5053,1,582,1,952,1,1434,1,2396,1,5315,1,1071,1,1413,1,1876,1,2814,1,5679,1,2065,1,2377,1,2806,1,3689,1,6444,1,5052,1,5320,1,5704,1,6489,1,9032
qst_0053,basic,slack,dsid_87ef890a0795443bb74815e8a6378405,1,174,1,551,1,1045,1,2038,1,5028,1,559,1,903,1,1360,1,2327,1,5273,1,1053,1,1376,1,1815,1,2740,1,5643,1,2045,1,2337,1,2747,1,3624,1,6431,1,5028,1,5269,1,5629,1,6425,1,9070
qst_0054,basic,google_drive,dsid_cfc80f61d84848c58d961b49d1b3a774,1,198,1,597,1,1095,1,2093,1,5090,1,597,1,991,1,1484,1,2477,1,5460,1,1096,1,1487,1,1979,1,2968,1,5945,1,2091,1,2473,1,2960,1,3941,1,6902,1,5084,1,5452,1,5927,1,6868,1,9770
qst_0055,basic,gmail,dsid_27da22aa63b3446387fffc29b45a0883,1,198,1,590,1,1086,1,2081,1,5078,1,592,1,963,1,1447,1,2417,1,5367,1,1084,1,1442,1,1905,1,2855,1,5755,1,2075,1,2409,1,2844,1,3758,1,6567,1,5061,1,5343,1,5726,1,6550,1,9142
qst_0056,basic,slack,dsid_42fcb5c1e0394276b37ecf4308e227ac,1,181,1,563,1,1041,1,2026,1,5013,1,561,1,879,1,1291,1,2199,1,5125,1,1046,1,1311,1,1666,1,2492,1,5337,1,2028,1,2235,1,2516,1,3254,1,5950,1,5018,1,5144,1,5341,1,5918,1,8250
qst_0057,basic,google_drive,dsid_4e89403dcf74496c8a8516bfd64e351f,1,176,1,567,1,1063,1,2061,1,5044,1,558,1,929,1,1402,1,2373,1,5306,1,1047,1,1402,1,1864,1,2813,1,5703,1,2039,1,2368,1,2809,1,3718,1,6525,1,5027,1,5311,1,5711,1,6523,1,9159
qst_0058,basic,gmail,dsid_a8f0c8524573431c9b789291d63b716a,1,195,1,582,1,1071,1,2056,1,5034,1,585,1,949,1,1415,1,2374,1,5284,1,1080,1,1424,1,1862,1,2782,1,5613,1,2071,1,2388,1,2798,1,3657,1,6367,1,5057,1,5301,1,5626,1,6347,1,8761
qst_0059,basic,jira,dsid_9a088141571b435f995568199ec4bcc9,1,196,1,589,1,1087,1,2080,1,5072,1,589,1,951,1,1439,1,2418,1,5384,1,1082,1,1430,1,1903,1,2866,1,5806,1,2071,1,2411,1,2871,1,3798,1,6674,1,5060,1,5356,1,5783,1,6647,1,9408
qst_0060,basic,linear,dsid_8381e16639f148c7863aa3d393cb64da,1,170,1,540,1,1027,1,2016,1,5008,1,542,1,843,1,1264,1,2199,1,5129,1,1026,1,1281,1,1654,1,2519,1,5369,1,2016,1,2209,1,2534,1,3303,1,6007,1,5007,1,5127,1,5360,1,5954,1,8322
qst_0061,basic,linear,dsid_2e5aaaa6db404ec19cb15a6f92be66a3,1,130,1,520,1,1016,1,2013,1,5007,1,520,1,872,1,1333,1,2285,1,5181,1,1019,1,1343,1,1771,1,2667,1,5465,1,2015,1,2285,1,2650,1,3465,1,6083,1,5006,1,5166,1,5411,1,6026,1,8134
qst_0062,basic,google_drive,dsid_702bc520c52040428799fed41c63c8ca,1,186,1,563,1,1054,1,2042,1,5016,1,567,1,888,1,1342,1,2276,1,5178,1,1062,1,1355,1,1781,1,2669,1,5492,1,2051,1,2306,1,2686,1,3505,1,6193,1,5035,1,5232,1,5539,1,6249,1,8694
qst_0063,basic,hubspot,dsid_4b0f5e573e5e4ce8bbbcf370c3ea7eaa,1,200,1,596,1,1095,1,2092,1,5080,1,598,1,984,1,1472,1,2455,1,5416,1,1098,1,1472,1,1951,1,2914,1,5842,1,2096,1,2459,1,2919,1,3860,1,6700,1,5090,1,5419,1,5841,1,6723,1,9387
qst_0064,basic,slack,dsid_d555b86d66ab43a48018e16e0ec90eb0,0,186,0,548,0,1018,1,2009,1,5004,1,556,1,818,1,1203,1,2121,1,5073,1,1035,1,1229,1,1566,1,2406,1,5280,1,2018,1,2143,1,2416,1,3165,1,5907,1,5008,1,5072,1,5273,1,5892,1,8391
qst_0065,basic,jira,dsid_1eba87b0b11b4f31a006f0cf164b8509,1,192,1,582,1,1077,1,2066,1,5052,1,582,1,950,1,1411,1,2375,1,5286,1,1075,1,1422,1,1856,1,2785,1,5626,1,2068,1,2393,1,2799,1,3670,1,6414,1,5052,1,5325,1,5663,1,6406,1,8904
qst_0066,basic,hubspot,dsid_8f5b801cebc34eb4b233bd0ef7c1b546,1,172,1,554,1,1051,1,2047,1,5039,1,546,1,910,1,1395,1,2380,1,5353,1,1039,1,1390,1,1868,1,2840,1,5799,1,2037,1,2381,1,2845,1,3805,1,6728,1,5032,1,5356,1,5800,1,6729,1,9562
qst_0067,basic,linear,dsid_14a447cb5b1140709c7cb3cc9a88c430,1,174,1,549,1,1047,1,2043,1,5023,1,552,1,890,1,1363,1,2324,1,5261,1,1043,1,1359,1,1818,1,2751,1,5647,1,2035,1,2317,1,2751,1,3650,1,6467,1,5020,1,5235,1,5609,1,6422,1,9057
qst_0068,basic,github,dsid_c7860fdbc17a48b0b6c5f9a0c5e3d054,1,193,1,587,1,1083,1,2078,1,5067,1,586,1,968,1,1453,1,2431,1,5392,1,1084,1,1458,1,1939,1,2914,1,5843,1,2083,1,2448,1,2922,1,3885,1,6760,1,5075,1,5424,1,5874,1,6801,1,9596
qst_0069,basic,google_drive,dsid_6d38a7bff5c84270adff95742a3eebce,1,196,1,588,1,1085,1,2080,1,5071,1,588,1,966,1,1447,1,2425,1,5374,1,1083,1,1447,1,1912,1,2870,1,5783,1,2077,1,2418,1,2862,1,3793,1,6635,1,5063,1,5355,1,5756,1,6613,1,9281
qst_0070,basic,fireflies,dsid_7d9551aa21124d70b0e247c390d88622,1,178,1,561,1,1052,1,2044,1,5030,1,566,1,919,1,1383,1,2333,1,5261,1,1057,1,1381,1,1820,1,2740,1,5624,1,2050,1,2338,1,2756,1,3628,1,6422,1,5031,1,5256,1,5604,1,6393,1,8995
qst_0071,basic,linear,dsid_f3c46e1166f34b9c92a83034450fe021,1,179,1,560,1,1046,1,2038,1,5029,1,553,1,887,1,1348,1,2312,1,5252,1,1050,1,1342,1,1774,1,2707,1,5584,1,2035,1,2285,1,2684,1,3551,1,6323,1,5020,1,5217,1,5551,1,6302,1,8814
qst_0072,basic,slack,dsid_0143493e1a514c28a39f1cf55744d37b,1,193,1,582,1,1068,1,2054,1,5046,1,580,1,944,1,1408,1,2362,1,5296,1,1072,1,1412,1,1856,1,2782,1,5664,1,2054,1,2357,1,2773,1,3639,1,6429,1,5040,1,5285,1,5627,1,6389,1,8934
qst_0073,basic,gmail,dsid_a1e0ff30870f40d7b692aa27bbedc194,1,168,1,533,1,1019,1,2006,1,5002,1,544,1,823,1,1249,1,2184,1,5097,1,1028,1,1249,1,1613,1,2475,1,5265,1,2015,1,2169,1,2458,1,3204,1,5734,1,5004,1,5069,1,5228,1,5719,1,7637
qst_0074,basic,github,dsid_8779ac72d6504759b701178632772f6c,1,188,1,568,1,1051,1,2037,1,5016,1,565,1,892,1,1334,1,2258,1,5151,1,1049,1,1335,1,1736,1,2609,1,5383,1,2034,1,2275,1,2624,1,3421,1,6022,1,5018,1,5180,1,5447,1,6065,1,8284
qst_0075,basic,github,dsid_caf02469a41c46cf8387713b83c628f3,1,180,1,557,1,1042,1,2025,1,5007,1,563,1,884,1,1329,1,2246,1,5115,1,1055,1,1343,1,1761,1,2612,1,5371,1,2044,1,2282,1,2640,1,3407,1,5987,1,5029,1,5200,1,5473,1,6084,1,8247
qst_0076,basic,jira,dsid_b097ab5d9e4c41609f47432dfcb1508b,1,175,1,519,1,1008,1,2002,1,5001,1,537,1,749,1,1150,1,2095,1,5050,1,1020,1,1163,1,1504,1,2378,1,5233,1,2007,1,2091,1,2349,1,3120,1,5809,1,5000,1,5035,1,5197,1,5764,1,8132
qst_0077,basic,github,dsid_88b39d13bd584ef8b1422d76994808c7,1,196,1,583,1,1069,1,2053,1,5035,1,583,1,939,1,1393,1,2335,1,5257,1,1069,1,1386,1,1817,1,2709,1,5561,1,2052,1,2299,1,2677,1,3491,1,6208,1,5022,1,5180,1,5450,1,6099,1,8539
qst_0078,basic,linear,dsid_1a40ab782f8b4d80929a9668462912e2,1,184,1,570,1,1060,1,2047,1,5033,1,570,1,925,1,1400,1,2349,1,5272,1,1064,1,1386,1,1828,1,2739,1,5606,1,2046,1,2334,1,2752,1,3604,1,6367,1,5034,1,5264,1,5631,1,6393,1,8971
qst_0079,basic,google_drive,dsid_9776bd75ffbb4ca7b10669be1512daa3,1,197,1,595,1,1090,1,2083,1,5063,1,591,1,984,1,1466,1,2438,1,5375,1,1085,1,1471,1,1943,1,2896,1,5780,1,2083,1,2451,1,2905,1,3827,1,6622,1,5073,1,5405,1,5804,1,6651,1,9247
qst_0080,basic,jira,dsid_ad3961a5bbd846d09d101bfa951ab739,1,147,1,528,1,1022,1,2018,1,5014,1,519,1,859,1,1335,1,2312,1,5261,1,1013,1,1333,1,1793,1,2744,1,5646,1,2009,1,2297,1,2727,1,3631,1,6439,1,5006,1,5229,1,5596,1,6404,1,8972
qst_0081,basic,linear,dsid_7a7c04eebb914edab49f734c8e814beb,1,190,1,571,1,1056,1,2048,1,5030,1,572,1,917,1,1354,1,2290,1,5207,1,1057,1,1365,1,1766,1,2659,1,5511,1,2043,1,2307,1,2666,1,3490,1,6201,1,5028,1,5231,1,5513,1,6195,1,8609
qst_0082,basic,fireflies,dsid_045c297ec2ef495abd66cb1f09921fc4,1,200,1,599,1,1097,1,2094,1,5087,1,599,1,990,1,1482,1,2464,1,5427,1,1099,1,1487,1,1972,1,2940,1,5878,1,2094,1,2466,1,2934,1,3873,1,6745,1,5085,1,5424,1,5853,1,6737,1,9424
qst_0083,basic,jira,dsid_3b9483f629fd423d81ac49a7efff89c9,1,186,1,568,1,1058,1,2047,1,5027,1,569,1,911,1,1367,1,2305,1,5213,1,1060,1,1359,1,1761,1,2637,1,5453,1,2043,1,2282,1,2619,1,3387,1,6020,1,5025,1,5156,1,5377,1,5961,1,8147
qst_0084,basic,linear,dsid_7a094ff98c3b4c96a77f3949aedeb749,1,175,1,549,1,1037,1,2023,1,5009,1,549,1,845,1,1274,1,2204,1,5144,1,1042,1,1296,1,1686,1,2574,1,5464,1,2029,1,2245,1,2609,1,3447,1,6266,1,5015,1,5171,1,5491,1,6244,1,8881
qst_0085,basic,google_drive,dsid_2271ae6c393d409093b11b5a6d5b96ed,1,187,1,582,1,1078,1,2072,1,5061,1,581,1,957,1,1442,1,2416,1,5375,1,1074,1,1432,1,1903,1,2850,1,5763,1,2065,1,2404,1,2852,1,3772,1,6614,1,5052,1,5349,1,5762,1,6603,1,9295
qst_0086,basic,jira,dsid_3f4010bdd3c44b99bb1c1ad2326f5eda,1,146,1,505,1,1001,1,2000,1,5000,1,508,1,703,1,1119,1,2083,1,5053,1,1004,1,1125,1,1472,1,2372,1,5274,1,2002,1,2092,1,2389,1,3206,1,6030,1,5000,1,5053,1,5292,1,6011,1,8685
qst_0087,basic,linear,dsid_d921e1d4282b45a7b4990e2366bedc05,1,175,1,551,1,1043,1,2035,1,5023,1,546,1,855,1,1318,1,2270,1,5204,1,1030,1,1303,1,1739,1,2642,1,5514,1,2025,1,2247,1,2655,1,3497,1,6268,1,5018,1,5172,1,5515,1,6247,1,8777
qst_0088,basic,slack,dsid_e56d8d932da04590b336dbc60ad25f41,1,188,1,571,1,1056,1,2036,1,5018,1,563,1,878,1,1323,1,2245,1,5159,1,1048,1,1325,1,1721,1,2587,1,5437,1,2035,1,2259,1,2598,1,3404,1,6154,1,5018,1,5176,1,5447,1,6164,1,8762
qst_0089,basic,github,dsid_426ca69578a84dd4af512e5a2782086e,1,190,1,565,1,1052,1,2041,1,5019,1,569,1,891,1,1332,1,2268,1,5192,1,1050,1,1323,1,1730,1,2623,1,5497,1,2038,1,2264,1,2634,1,3462,1,6243,1,5028,1,5204,1,5513,1,6250,1,8872
qst_0090,basic,hubspot,dsid_4331f37f2b8d4e2cb0f5c5719a033e2f,0,198,0,589,0,1085,1,2073,1,5042,0,594,0,975,0,1465,1,2425,1,5342,0,1091,0,1464,0,1951,1,2893,1,5767,0,2085,0,2451,0,2926,1,3854,1,6669,1,5080,1,5429,1,5887,1,6778,1,9476
qst_0091,basic,google_drive,dsid_9eda2ec9cbda4188936246d888df1d0b,1,181,1,543,1,1034,1,2022,1,5013,1,550,1,835,1,1276,1,2207,1,5133,1,1039,1,1282,1,1664,1,2522,1,5338,1,2026,1,2203,1,2516,1,3278,1,5906,1,5010,1,5108,1,5320,1,5898,1,8106
qst_0092,basic,slack,dsid_fa7dba9ea186436281a953c7b376bf11,0,200,0,598,1,1096,1,2091,1,5084,0,598,0,990,1,1486,1,2467,1,5427,1,1097,1,1480,1,1965,1,2930,1,5843,1,2092,1,2463,1,2938,1,3877,1,6740,1,5074,1,5419,1,5853,1,6720,1,9455
qst_0093,basic,hubspot,dsid_3bc3170ead63470eaef9a53ca835cec0,1,189,1,570,1,1058,1,2048,1,5037,1,580,1,928,1,1393,1,2343,1,5270,1,1070,1,1393,1,1844,1,2774,1,5624,1,2062,1,2362,1,2776,1,3639,1,6381,1,5054,1,5300,1,5654,1,6398,1,8885
qst_0094,basic,google_drive,dsid_bec90d2205534ca9a016f244e13884e5,1,200,1,595,1,1093,1,2087,1,5074,1,595,1,981,1,1471,1,2453,1,5397,1,1092,1,1465,1,1942,1,2905,1,5814,1,2088,1,2446,1,2905,1,3835,1,6673,1,5080,1,5407,1,5838,1,6697,1,9404
qst_0095,basic,linear,dsid_5fbf425415da4b7487f0ebbf289a39d6,1,193,1,579,1,1074,1,2066,1,5044,1,583,1,946,1,1425,1,2390,1,5317,1,1072,1,1411,1,1874,1,2809,1,5679,1,2061,1,2371,1,2807,1,3706,1,6495,1,5046,1,5291,1,5664,1,6462,1,9078
qst_0096,basic,jira,dsid_8138b96e181940418cc5067b2630064e,1,190,1,579,1,1073,1,2063,1,5050,1,578,1,940,1,1416,1,2379,1,5317,1,1070,1,1417,1,1875,1,2813,1,5709,1,2064,1,2392,1,2832,1,3747,1,6574,1,5057,1,5355,1,5768,1,6631,1,9343
qst_0097,basic,github,dsid_6c58ddb8ecf543d89fca8352351dea29,1,160,1,541,1,1034,1,2024,1,5010,1,548,1,886,1,1345,1,2308,1,5250,1,1042,1,1357,1,1798,1,2740,1,5639,1,2040,1,2317,1,2735,1,3651,1,6481,1,5032,1,5265,1,5648,1,6500,1,9182
qst_0098,basic,gmail,dsid_c23a3d9d049d4fe79acf83653b564e0b,1,163,1,546,1,1040,1,2033,1,5029,1,546,1,899,1,1370,1,2333,1,5287,1,1041,1,1373,1,1820,1,2759,1,5645,1,2038,1,2347,1,2769,1,3665,1,6451,1,5031,1,5282,1,5650,1,6452,1,8989
qst_0099,basic,slack,dsid_fa2d9f0bda0e4d6b9174ae6b15f7b37e,1,192,1,590,1,1082,1,2079,1,5065,1,585,1,963,1,1440,1,2406,1,5347,1,1081,1,1442,1,1902,1,2847,1,5732,1,2073,1,2405,1,2843,1,3741,1,6536,1,5052,1,5327,1,5705,1,6488,1,9008
qst_0100,basic,slack,dsid_94095ba27ce5414db28e599562c12908,0,197,1,592,1,1089,1,2075,1,5058,1,592,1,965,1,1443,1,2402,1,5318,1,1084,1,1430,1,1886,1,2804,1,5672,1,2070,1,2390,1,2818,1,3687,1,6441,1,5049,1,5303,1,5654,1,6379,1,8853
qst_0101,basic,fireflies,dsid_e37e7b7723e34b8087ef051804bfe85e,1,194,1,583,1,1077,1,2066,1,5053,1,579,1,943,1,1428,1,2402,1,5352,1,1075,1,1425,1,1895,1,2849,1,5747,1,2058,1,2387,1,2837,1,3753,1,6592,1,5035,1,5306,1,5704,1,6522,1,9182
qst_0102,basic,confluence,dsid_e044274a9d184700bb8cdf9ddb6d9d02,1,189,1,579,1,1071,1,2058,1,5043,1,582,1,953,1,1431,1,2386,1,5312,1,1071,1,1423,1,1884,1,2803,1,5672,1,2061,1,2390,1,2822,1,3699,1,6465,1,5044,1,5317,1,5696,1,6476,1,9029
qst_0103,basic,github,dsid_47fa00c889fb4446b0481efea384a7ce,1,197,1,589,1,1079,1,2072,1,5054,1,588,1,960,1,1415,1,2371,1,5307,1,1075,1,1412,1,1833,1,2758,1,5643,1,2063,1,2344,1,2713,1,3583,1,6357,1,5044,1,5244,1,5535,1,6311,1,8882
qst_0104,basic,confluence,dsid_005f7a937cad4b3cbb30d9d93199e22a,1,180,1,539,1,1019,1,2006,1,5002,1,551,1,824,1,1232,1,2144,1,5084,1,1040,1,1245,1,1600,1,2452,1,5325,1,2023,1,2175,1,2488,1,3275,1,6063,1,5016,1,5125,1,5389,1,6085,1,8723
qst_0105,basic,google_drive,dsid_c83811391709468fa9534e6495c205e3,1,187,1,577,1,1074,1,2067,1,5050,1,576,1,932,1,1406,1,2360,1,5289,1,1071,1,1407,1,1857,1,2777,1,5665,1,2060,1,2365,1,2791,1,3673,1,6471,1,5041,1,5297,1,5671,1,6484,1,9138
qst_0106,basic,linear,dsid_6f69a170c5ab486588cf0bd92e0d53db,1,174,1,561,1,1052,1,2046,1,5041,1,555,1,914,1,1396,1,2377,1,5345,1,1047,1,1389,1,1853,1,2819,1,5750,1,2041,1,2356,1,2798,1,3734,1,6610,1,5031,1,5301,1,5681,1,6550,1,9264
qst_0107,basic,hubspot,dsid_509b34ee9a334f68a693e61dfbf558c4,1,197,1,596,1,1095,1,2093,1,5087,1,591,1,987,1,1479,1,2472,1,5453,1,1086,1,1480,1,1969,1,2956,1,5921,1,2081,1,2465,1,2945,1,3916,1,6858,1,5072,1,5440,1,5896,1,6839,1,9704
qst_0108,basic,slack,dsid_a0e951c043154b07b1b5bd332ac47763,1,195,1,587,1,1080,1,2076,1,5064,1,589,1,960,1,1435,1,2418,1,5358,1,1078,1,1428,1,1889,1,2836,1,5728,1,2066,1,2387,1,2823,1,3719,1,6516,1,5052,1,5309,1,5686,1,6471,1,9025
qst_0109,basic,hubspot,dsid_c9e70cb6eee1471baba213a976a8dd05,1,194,1,583,1,1077,1,2070,1,5056,1,565,1,928,1,1404,1,2367,1,5322,1,1057,1,1390,1,1837,1,2766,1,5678,1,2038,1,2324,1,2738,1,3624,1,6477,1,5020,1,5260,1,5615,1,6431,1,9153
qst_0110,basic,confluence,dsid_2e4183d040b341cf843366e2c15402af,1,199,1,597,1,1094,1,2092,1,5089,1,599,1,996,1,1491,1,2480,1,5464,1,1098,1,1491,1,1981,1,2961,1,5930,1,2096,1,2485,1,2964,1,3936,1,6878,1,5091,1,5461,1,5925,1,6869,1,9710
qst_0111,basic,linear,dsid_bc47b415ef06458098e0c7a76a7e588c,1,196,1,583,1,1078,1,2067,1,5051,1,588,1,948,1,1432,1,2395,1,5320,1,1082,1,1423,1,1889,1,2834,1,5716,1,2071,1,2388,1,2822,1,3726,1,6516,1,5049,1,5302,1,5674,1,6474,1,9091
qst_0112,basic,google_drive,dsid_d85fcb5f989b44f8a51723a07be79e45,1,198,1,587,1,1078,1,2071,1,5035,1,591,1,950,1,1408,1,2346,1,5207,1,1079,1,1401,1,1823,1,2698,1,5458,1,2069,1,2350,1,2725,1,3527,1,6098,1,5050,1,5261,1,5559,1,6201,1,8363
qst_0113,basic,linear,dsid_c53d4b486a1e485186a7e4b9d1c3f3ef,1,181,1,564,1,1054,1,2044,1,5028,1,569,1,917,1,1372,1,2332,1,5247,1,1057,1,1381,1,1814,1,2739,1,5582,1,2047,1,2346,1,2737,1,3610,1,6328,1,5034,1,5269,1,5599,1,6379,1,8841
qst_0114,basic,gmail,dsid_ca11386edd264e5c841365093fedf640,1,193,1,570,1,1053,1,2039,1,5026,1,579,1,901,1,1339,1,2280,1,5179,1,1068,1,1349,1,1754,1,2635,1,5420,1,2057,1,2304,1,2649,1,3433,1,6035,1,5039,1,5210,1,5462,1,6072,1,8296
qst_0115,basic,jira,dsid_b85f3628bbda46558141d3a935bce2c1,1,194,1,586,1,1072,1,2057,1,5035,1,573,1,926,1,1385,1,2337,1,5240,1,1064,1,1376,1,1796,1,2700,1,5498,1,2050,1,2326,1,2696,1,3522,1,6182,1,5029,1,5234,1,5525,1,6206,1,8555
qst_0116,basic,google_drive,dsid_48b40afb54b84af28b13cebf017c0616,0,200,1,598,1,1098,1,2095,1,5083,0,599,1,989,1,1477,1,2457,1,5416,0,1096,1,1477,1,1952,1,2914,1,5833,0,2086,1,2447,1,2908,1,3844,1,6683,1,5071,1,5390,1,5798,1,6657,1,9298
qst_0117,basic,confluence,dsid_40e1a761f7644c388c1bccb73d6bd427,1,197,1,596,1,1093,1,2090,1,5079,1,595,1,987,1,1477,1,2464,1,5427,1,1094,1,1479,1,1959,1,2933,1,5864,1,2087,1,2462,1,2933,1,3890,1,6776,1,5079,1,5428,1,5876,1,6777,1,9553
qst_0118,basic,confluence,dsid_9a0982d498384adeb435a2b3938bfd76,1,192,1,585,1,1077,1,2072,1,5066,1,583,1,964,1,1439,1,2415,1,5377,1,1081,1,1444,1,1912,1,2874,1,5795,1,2071,1,2408,1,2856,1,3781,1,6639,1,5056,1,5349,1,5759,1,6633,1,9318
qst_0119,basic,linear,dsid_1d6c84263b40491988b1e7e98ccf4559,1,194,1,584,1,1075,1,2066,1,5051,1,583,1,950,1,1419,1,2380,1,5307,1,1075,1,1425,1,1882,1,2821,1,5688,1,2063,1,2395,1,2834,1,3740,1,6533,1,5057,1,5359,1,5768,1,6632,1,9295
qst_0120,basic,hubspot,dsid_cb58379b249f4e7dab5e716bbeb11b29,1,198,1,597,1,1094,1,2094,1,5090,1,598,1,992,1,1486,1,2477,1,5457,1,1097,1,1488,1,1979,1,2960,1,5920,1,2094,1,2476,1,2961,1,3927,1,6858,1,5089,1,5452,1,5919,1,6858,1,9697
qst_0121,basic,fireflies,dsid_e3ae91c7f83f46e492209ffec2c7f2b8,0,199,0,596,1,1091,1,2087,1,5076,0,596,0,988,1,1479,1,2459,1,5409,0,1095,0,1479,1,1965,1,2933,1,5841,1,2087,1,2457,1,2930,1,3869,1,6701,1,5075,1,5404,1,5836,1,6694,1,9352
qst_0122,basic,google_drive,dsid_89e9c8a4822b471a8e132d6c2b188b80,1,181,1,567,1,1058,1,2047,1,5034,1,571,1,934,1,1405,1,2367,1,5295,1,1070,1,1411,1,1866,1,2803,1,5690,1,2062,1,2380,1,2812,1,3715,1,6502,1,5050,1,5318,1,5699,1,6510,1,9102
qst_0123,basic,hubspot,dsid_b65f12db881f41dc9239fe044f4754dd,1,158,1,502,1,1000,1,2000,1,5000,1,505,1,745,1,1224,1,2209,1,5166,1,1002,1,1230,1,1697,1,2665,1,5577,1,2001,1,2220,1,2658,1,3585,1,6413,1,5000,1,5182,1,5561,1,6417,1,8993
qst_0124,basic,hubspot,dsid_30a16502953a4088b59266c8990d52d6,1,183,1,561,1,1052,1,2042,1,5029,1,566,1,905,1,1363,1,2305,1,5234,1,1051,1,1362,1,1786,1,2690,1,5558,1,2040,1,2300,1,2677,1,3479,1,6228,1,5015,1,5186,1,5478,1,6118,1,8614
qst_0125,basic,github,dsid_302783937bc849ecb7ef7323233d1efe,1,198,1,593,1,1090,1,2082,1,5067,1,589,1,964,1,1449,1,2424,1,5365,1,1085,1,1448,1,1920,1,2873,1,5773,1,2077,1,2423,1,2880,1,3801,1,6640,1,5056,1,5366,1,5779,1,6620,1,9310
qst_0126,basic,fireflies,dsid_912991a0a2ce4000a55b1f67bda8c3a3,1,198,1,591,1,1082,1,2065,1,5042,1,592,1,965,1,1434,1,2373,1,5274,1,1085,1,1441,1,1886,1,2788,1,5618,1,2080,1,2397,1,2797,1,3643,1,6327,1,5063,1,5324,1,5659,1,6401,1,8775
qst_0127,basic,github,dsid_dc9df99fcfd64f5f89791781b699610c,1,196,1,594,1,1090,1,2084,1,5071,1,589,1,976,1,1458,1,2432,1,5372,1,1084,1,1456,1,1931,1,2889,1,5786,1,2076,1,2429,1,2885,1,3816,1,6637,1,5065,1,5377,1,5789,1,6657,1,9329
qst_0128,basic,confluence,dsid_319db001cae246bbbb16f441b64d9b82,1,198,1,593,1,1092,1,2091,1,5088,1,596,1,988,1,1486,1,2480,1,5472,1,1094,1,1486,1,1984,1,2977,1,5959,1,2092,1,2478,1,2976,1,3965,1,6930,1,5086,1,5457,1,5945,1,6920,1,9846
qst_0129,basic,jira,dsid_6952f7cb64304c04bdf72562e5154724,1,154,1,542,1,1041,1,2036,1,5031,1,523,1,877,1,1362,1,2343,1,5314,1,1021,1,1356,1,1829,1,2795,1,5741,1,2016,1,2340,1,2806,1,3756,1,6668,1,5013,1,5314,1,5756,1,6667,1,9483
qst_0130,basic,hubspot,dsid_7e3d8cd8246142a0b803eddffbeaed87,1,191,1,577,1,1059,1,2040,1,5020,1,579,1,921,1,1336,1,2250,1,5155,1,1064,1,1373,1,1746,1,2586,1,5412,1,2055,1,2324,1,2646,1,3410,1,6114,1,5035,1,5231,1,5491,1,6133,1,8569
qst_0131,basic,hubspot,dsid_e9dd560753924c1e8438cdf9c2afcf68,1,174,1,554,1,1043,1,2036,1,5021,1,569,1,921,1,1380,1,2329,1,5249,1,1062,1,1386,1,1821,1,2733,1,5594,1,2058,1,2347,1,2742,1,3583,1,6340,1,5049,1,5281,1,5603,1,6346,1,8874
qst_0132,basic,jira,dsid_d8a18c9f03de414faeacfda3ad53e315,1,178,1,545,1,1026,1,2012,1,5005,1,553,1,827,1,1240,1,2163,1,5090,1,1037,1,1251,1,1608,1,2455,1,5258,1,2017,1,2154,1,2400,1,3097,1,5691,1,5005,1,5057,1,5175,1,5591,1,7618
qst_0133,basic,google_drive,dsid_ae7131f5d64f4f37af677f702dc60d2b,1,191,1,577,1,1070,1,2056,1,5036,1,579,1,935,1,1410,1,2360,1,5291,1,1068,1,1394,1,1852,1,2775,1,5650,1,2061,1,2349,1,2774,1,3633,1,6399,1,5042,1,5267,1,5623,1,6376,1,8890
qst_0134,basic,google_drive,dsid_b9542668ae9b4163a932e4d16d26cd42,0,186,1,577,1,1069,1,2054,1,5032,1,571,1,936,1,1406,1,2363,1,5300,1,1066,1,1414,1,1867,1,2790,1,5678,1,2058,1,2381,1,2809,1,3698,1,6498,1,5043,1,5311,1,5707,1,6500,1,9106
qst_0135,basic,jira,dsid_63a1c6c12e1e4d9cae67056673633192,1,186,1,576,1,1070,1,2061,1,5042,1,575,1,935,1,1402,1,2368,1,5303,1,1072,1,1418,1,1868,1,2800,1,5671,1,2063,1,2385,1,2813,1,3693,1,6466,1,5051,1,5341,1,5733,1,6533,1,9104
qst_0136,basic,jira,dsid_9619c1f3ff3c4626a2bd029e907e1f76,1,183,1,548,1,1040,1,2020,1,5005,1,554,1,842,1,1287,1,2204,1,5104,1,1038,1,1273,1,1684,1,2534,1,5321,1,2020,1,2199,1,2532,1,3271,1,5880,1,5007,1,5105,1,5321,1,5878,1,8066
qst_0137,basic,hubspot,dsid_398e6e782364403a9fcfc73cac68ac5c,1,174,1,534,1,1019,1,2011,1,5003,1,534,1,776,1,1191,1,2134,1,5069,1,1023,1,1197,1,1555,1,2432,1,5296,1,2015,1,2142,1,2452,1,3260,1,5998,1,5007,1,5085,1,5327,1,6014,1,8541
qst_0138,basic,hubspot,dsid_db931dec10bf4b10829175533605aa0f,1,194,1,582,1,1071,1,2062,1,5054,1,582,1,941,1,1406,1,2371,1,5306,1,1074,1,1409,1,1859,1,2799,1,5673,1,2067,1,2376,1,2800,1,3690,1,6464,1,5053,1,5305,1,5665,1,6430,1,8959
qst_0139,basic,hubspot,dsid_9f92a42dc8d24c93a0a696a0727063b9,1,187,1,583,1,1082,1,2080,1,5078,1,581,1,969,1,1459,1,2454,1,5432,1,1077,1,1456,1,1942,1,2927,1,5886,1,2067,1,2426,1,2894,1,3855,1,6779,1,5062,1,5382,1,5820,1,6711,1,9507
qst_0140,basic,github,dsid_aa532b5a3c634229b9a068654b945c6c,1,198,1,591,1,1085,1,2079,1,5062,1,590,1,968,1,1449,1,2427,1,5370,1,1084,1,1449,1,1912,1,2878,1,5793,1,2082,1,2438,1,2881,1,3820,1,6680,1,5074,1,5407,1,5824,1,6715,1,9449
qst_0141,basic,google_drive,dsid_acc33ff059404020b0ff26e19ad2b107,1,197,1,593,1,1091,1,2086,1,5080,1,594,1,980,1,1465,1,2448,1,5421,1,1091,1,1466,1,1941,1,2919,1,5866,1,2084,1,2449,1,2917,1,3873,1,6765,1,5076,1,5415,1,5850,1,6740,1,9500
qst_0142,basic,confluence,dsid_06464e95b7cc44de8a9677f3260c336e,1,195,1,591,1,1083,1,2069,1,5051,1,586,1,959,1,1432,1,2374,1,5294,1,1077,1,1431,1,1880,1,2782,1,5621,1,2066,1,2380,1,2793,1,3620,1,6314,1,5045,1,5280,1,5601,1,6271,1,8620
qst_0143,basic,slack,dsid_826b680a80e74a1a81273f1dbeb0d3d8,1,194,1,585,1,1084,1,2078,1,5070,1,590,1,972,1,1460,1,2439,1,5396,1,1083,1,1451,1,1929,1,2881,1,5793,1,2076,1,2423,1,2876,1,3799,1,6640,1,5065,1,5372,1,5769,1,6601,1,9246
qst_0144,basic,slack,dsid_a227a7f316c4452eab4c05567edb9404,1,197,1,592,1,1088,1,2080,1,5069,1,593,1,976,1,1461,1,2421,1,5360,1,1089,1,1460,1,1928,1,2865,1,5755,1,2082,1,2431,1,2873,1,3769,1,6562,1,5067,1,5367,1,5748,1,6546,1,9103
qst_0145,basic,gmail,dsid_182c34ee62c54118b48c1390e77cd3ba,1,195,1,581,1,1071,1,2059,1,5040,1,586,1,957,1,1433,1,2394,1,5327,1,1082,1,1438,1,1904,1,2842,1,5727,1,2079,1,2420,1,2861,1,3766,1,6548,1,5065,1,5373,1,5779,1,6597,1,9182
qst_0146,basic,github,dsid_7764c4d15ed141ecbeaaecf606098288,1,196,1,593,1,1083,1,2068,1,5050,1,589,1,960,1,1421,1,2366,1,5269,1,1086,1,1431,1,1853,1,2766,1,5583,1,2075,1,2378,1,2753,1,3594,1,6289,1,5057,1,5300,1,5602,1,6289,1,8687
qst_0147,basic,github,dsid_cc9fd576760d4a058a896155657eff06,1,196,1,594,1,1089,1,2084,1,5076,1,596,1,990,1,1477,1,2467,1,5442,1,1096,1,1484,1,1969,1,2951,1,5914,1,2093,1,2474,1,2950,1,3926,1,6868,1,5091,1,5462,1,5927,1,6882,1,9786
qst_0148,basic,github,dsid_707ad933d7fd447197439ed606abfb26,1,178,1,543,1,1022,1,2012,1,5002,1,548,1,811,1,1178,1,2083,1,5022,1,1021,1,1201,1,1469,1,2240,1,5065,1,2004,1,2063,1,2192,1,2705,1,5253,1,5000,1,5002,1,5033,1,5236,1,6945
qst_0149,basic,slack,dsid_42c3e2d70229415d82cac2f9b795bf1d,1,191,1,585,1,1077,1,2070,1,5055,1,583,1,963,1,1443,1,2422,1,5369,1,1080,1,1452,1,1925,1,2893,1,5808,1,2067,1,2421,1,2884,1,3822,1,6682,1,5054,1,5370,1,5794,1,6659,1,9388
qst_0150,basic,confluence,dsid_5af1ed23fd2a4bb3984ec368d0e3b23e,1,187,1,561,1,1052,1,2036,1,5023,1,564,1,886,1,1336,1,2282,1,5202,1,1056,1,1332,1,1752,1,2643,1,5481,1,2041,1,2269,1,2633,1,3429,1,6123,1,5024,1,5167,1,5438,1,6061,1,8413
qst_0151,basic,jira,dsid_259d17a11ddc4e28b559aa9fb1111270,1,197,1,587,1,1082,1,2073,1,5062,1,591,1,968,1,1453,1,2431,1,5377,1,1083,1,1445,1,1919,1,2877,1,5794,1,2075,1,2418,1,2875,1,3803,1,6659,1,5073,1,5381,1,5812,1,6700,1,9444
qst_0152,basic,slack,dsid_f608b4d739f240c0b56d4d4b151b8cd3,1,188,1,584,1,1075,1,2060,1,5037,1,568,1,951,1,1432,1,2378,1,5271,1,1064,1,1430,1,1889,1,2808,1,5645,1,2059,1,2394,1,2827,1,3709,1,6433,1,5046,1,5316,1,5708,1,6517,1,9027
qst_0153,basic,slack,dsid_9a3def814b274050b3d834a66deeb1b5,1,191,1,573,1,1063,1,2057,1,5043,1,578,1,926,1,1397,1,2364,1,5299,1,1068,1,1398,1,1849,1,2788,1,5668,1,2060,1,2360,1,2781,1,3683,1,6476,1,5047,1,5303,1,5672,1,6473,1,9088
qst_0154,basic,slack,dsid_993a77869d244d36972f5efc39dbc59a,1,182,1,565,1,1053,1,2037,1,5026,1,574,1,933,1,1406,1,2364,1,5303,1,1070,1,1416,1,1877,1,2821,1,5718,1,2069,1,2394,1,2841,1,3761,1,6608,1,5059,1,5351,1,5769,1,6635,1,9345
qst_0155,basic,google_drive,dsid_cb89198715bc4be5b363a0d052f9407b,1,184,1,568,1,1061,1,2056,1,5048,1,567,1,923,1,1400,1,2377,1,5341,1,1059,1,1401,1,1862,1,2815,1,5741,1,2054,1,2364,1,2813,1,3729,1,6593,1,5038,1,5303,1,5708,1,6560,1,9287
qst_0156,basic,fireflies,dsid_9c63777c789c4f7db9e391024dd887ae,1,194,1,582,1,1073,1,2063,1,5051,1,584,1,946,1,1424,1,2398,1,5345,1,1077,1,1415,1,1877,1,2831,1,5737,1,2065,1,2376,1,2818,1,3737,1,6565,1,5056,1,5319,1,5708,1,6550,1,9212
qst_0157,basic,jira,dsid_ccaf626687b940f3a7309e09c1ed5c1b,1,192,1,582,1,1073,1,2066,1,5047,1,578,1,933,1,1400,1,2355,1,5277,1,1059,1,1384,1,1824,1,2740,1,5593,1,2047,1,2328,1,2724,1,3576,1,6312,1,5027,1,5244,1,5571,1,6299,1,8742
qst_0158,basic,linear,dsid_ef18282e01d7410a8dc142d4ad0b7bd2,1,192,1,582,1,1072,1,2062,1,5045,1,588,1,962,1,1435,1,2399,1,5336,1,1083,1,1445,1,1904,1,2848,1,5753,1,2080,1,2427,1,2875,1,3786,1,6621,1,5072,1,5390,1,5802,1,6666,1,9378
qst_0159,basic,slack,dsid_3ab4d00190a1485da19d929f9f71bb5a,1,192,1,577,1,1066,1,2050,1,5025,1,581,1,931,1,1396,1,2333,1,5227,1,1068,1,1385,1,1821,1,2712,1,5524,1,2052,1,2322,1,2714,1,3523,1,6169,1,5031,1,5228,1,5520,1,6173,1,8461
qst_0160,basic,github,dsid_c84c8581594e47d49e82d024a6da915d,1,163,1,536,1,1028,1,2017,1,5008,1,532,1,823,1,1266,1,2214,1,5128,1,1025,1,1275,1,1678,1,2563,1,5389,1,2017,1,2219,1,2575,1,3370,1,6053,1,5010,1,5149,1,5424,1,6070,1,8394
qst_0161,basic,github,dsid_2fb08b7571444bdf894607549642498f,1,180,1,539,1,1011,1,2004,1,5002,1,543,1,822,1,1240,1,2195,1,5151,1,1033,1,1271,1,1659,1,2573,1,5484,1,2022,1,2232,1,2581,1,3452,1,6283,1,5015,1,5191,1,5496,1,6291,1,8999
qst_0162,basic,linear,dsid_a3fdfc45905f46f3988ad13f55ecce93,1,197,1,588,1,1081,1,2068,1,5054,1,589,1,970,1,1449,1,2416,1,5372,1,1085,1,1447,1,1910,1,2855,1,5765,1,2076,1,2424,1,2877,1,3789,1,6636,1,5062,1,5377,1,5784,1,6628,1,9295
qst_0163,basic,linear,dsid_f26abd197dd24e2599bb353af3a00ff0,1,184,1,573,1,1062,1,2050,1,5036,1,577,1,938,1,1417,1,2388,1,5320,1,1073,1,1422,1,1881,1,2834,1,5716,1,2068,1,2393,1,2836,1,3765,1,6576,1,5061,1,5339,1,5737,1,6598,1,9262
qst_0164,basic,google_drive,dsid_5c05d2a74c484906852925d1cf1daa70,1,181,1,544,1,1022,1,2018,1,5011,1,539,1,803,1,1222,1,2179,1,5133,1,1020,1,1221,1,1586,1,2488,1,5384,1,2009,1,2147,1,2459,1,3290,1,6044,1,5004,1,5054,1,5264,1,5934,1,8355
qst_0165,basic,gmail,dsid_614b42d654ba42e1abaa5163da75bc13,1,170,1,542,1,1025,1,2011,1,5002,1,539,1,848,1,1277,1,2198,1,5071,1,1029,1,1303,1,1697,1,2544,1,5293,1,2022,1,2245,1,2591,1,3357,1,5955,1,5011,1,5174,1,5442,1,6084,1,8429
qst_0166,basic,gmail,dsid_10d018b9cd334ababafa960517492a77,1,190,1,584,1,1080,1,2077,1,5074,1,580,1,958,1,1448,1,2431,1,5385,1,1073,1,1434,1,1911,1,2877,1,5798,1,2067,1,2414,1,2878,1,3814,1,6656,1,5046,1,5351,1,5772,1,6636,1,9309
qst_0167,basic,github,dsid_9d1624818a004c53b3b7020412275cc0,1,175,1,561,1,1052,1,2040,1,5019,1,560,1,910,1,1363,1,2312,1,5237,1,1050,1,1383,1,1817,1,2721,1,5605,1,2041,1,2345,1,2749,1,3613,1,6449,1,5036,1,5294,1,5660,1,6442,1,9142
qst_0168,basic,github,dsid_9ad34d10c60a4c88931642a247aeb063,1,182,1,559,1,1045,1,2037,1,5027,1,562,1,892,1,1354,1,2309,1,5242,1,1055,1,1361,1,1805,1,2736,1,5609,1,2045,1,2328,1,2732,1,3632,1,6420,1,5033,1,5260,1,5616,1,6446,1,9055
qst_0169,basic,google_drive,dsid_acaf490041914b5bb3c275eaf13c3501,1,187,1,571,1,1060,1,2050,1,5035,1,575,1,941,1,1413,1,2363,1,5304,1,1072,1,1420,1,1885,1,2805,1,5703,1,2064,1,2393,1,2833,1,3721,1,6578,1,5050,1,5334,1,5738,1,6548,1,9272
qst_0170,basic,hubspot,dsid_f8529277bd964d6086d49ca2a30c9ac7,1,197,1,591,1,1088,1,2085,1,5072,1,595,1,982,1,1469,1,2453,1,5403,1,1090,1,1463,1,1935,1,2898,1,5814,1,2085,1,2437,1,2889,1,3823,1,6688,1,5078,1,5395,1,5809,1,6682,1,9402
qst_0171,basic,jira,dsid_21486610d7314d84980518cb355b6a97,1,182,1,569,1,1065,1,2063,1,5055,1,563,1,914,1,1400,1,2386,1,5353,1,1052,1,1385,1,1866,1,2840,1,5784,1,2043,1,2358,1,2816,1,3761,1,6651,1,5023,1,5294,1,5711,1,6590,1,9335
qst_0172,basic,slack,dsid_d680e052f220485eb985434b56f20ba2,1,197,1,589,1,1083,1,2082,1,5065,1,592,1,978,1,1459,1,2439,1,5393,1,1085,1,1454,1,1925,1,2891,1,5819,1,2077,1,2426,1,2881,1,3821,1,6699,1,5062,1,5379,1,5789,1,6684,1,9411
qst_0173,basic,slack,dsid_0767a662eacd463aaf0935750dba509e,0,184,0,566,0,1053,1,2044,1,5028,0,569,0,921,0,1377,1,2334,1,5258,0,1060,0,1388,0,1818,1,2740,1,5599,0,2053,0,2345,0,2747,1,3622,1,6384,0,5042,0,5284,0,5639,1,6421,1,8964
qst_0174,basic,confluence,dsid_04b24bf957c047f4b7d8ceefdfde8290,1,197,1,592,1,1092,1,2087,1,5074,1,591,1,980,1,1472,1,2456,1,5414,1,1086,1,1468,1,1955,1,2931,1,5860,1,2086,1,2462,1,2932,1,3893,1,6788,1,5078,1,5422,1,5861,1,6768,1,9550
qst_0175,basic,linear,dsid_f02a338c2dd546b3b025b5d5d429ad4e,1,182,1,565,1,1051,1,2033,1,5017,1,568,1,891,1,1333,1,2231,1,5108,1,1058,1,1337,1,1737,1,2551,1,5284,1,2039,1,2257,1,2584,1,3275,1,5724,1,5018,1,5144,1,5334,1,5770,1,7463
qst_0176,semantic,slack,dsid_45e2a8ccc16c4c048894f98c6cd8833c,1,191,1,587,1,1082,1,2076,1,5057,1,586,1,967,1,1458,1,2440,1,5398,1,1083,1,1456,1,1943,1,2913,1,5845,1,2077,1,2438,1,2916,1,3866,1,6765,1,5062,1,5402,1,5856,1,6770,1,9588
qst_0177,semantic,gmail,dsid_7d925287f5224f72b641acbd515beb2a,1,196,1,581,1,1073,1,2063,1,5041,1,578,1,926,1,1387,1,2336,1,5239,1,1066,1,1378,1,1807,1,2706,1,5521,1,2042,1,2297,1,2664,1,3478,1,6114,1,5020,1,5179,1,5453,1,6081,1,8302
qst_0178,semantic,github,dsid_22a7e9af2760474dbdf611c2c21cd231,0,196,0,594,0,1091,1,2089,1,5085,1,590,1,977,1,1465,1,2454,1,5433,1,1084,1,1465,1,1950,1,2924,1,5869,1,2074,1,2443,1,2920,1,3873,1,6795,1,5068,1,5413,1,5864,1,6779,1,9607
qst_0179,semantic,jira,dsid_a0f25cffcb264f0ea6eba5e501de0e08,1,199,1,594,1,1091,1,2085,1,5070,1,597,1,982,1,1469,1,2451,1,5405,1,1094,1,1473,1,1951,1,2917,1,5840,1,2090,1,2452,1,2920,1,3864,1,6729,1,5087,1,5420,1,5860,1,6753,1,9478
qst_0180,semantic,github,dsid_730ed8ee5fc84e0b9be761003b9a60d3,1,200,1,594,1,1092,1,2087,1,5073,1,597,1,977,1,1467,1,2448,1,5386,1,1092,1,1464,1,1945,1,2910,1,5807,1,2087,1,2436,1,2894,1,3826,1,6659,1,5078,1,5393,1,5809,1,6665,1,9327
qst_0181,semantic,jira,dsid_8f80516053a24beba08e603cb1831dd6,1,190,1,570,1,1063,1,2052,1,5039,1,578,1,924,1,1387,1,2349,1,5279,1,1070,1,1384,1,1820,1,2745,1,5616,1,2060,1,2340,1,2743,1,3620,1,6396,1,5046,1,5280,1,5624,1,6378,1,8926
qst_0182,semantic,linear,dsid_d9ca33382713461aa726403f8ff7dea0,1,198,1,594,1,1091,1,2078,1,5058,1,591,1,976,1,1456,1,2421,1,5351,1,1084,1,1455,1,1910,1,2849,1,5728,1,2075,1,2423,1,2855,1,3760,1,6557,1,5060,1,5337,1,5712,1,6538,1,9158
qst_0183,semantic,confluence,dsid_693c023c88264795a7e98c7737e6459e,1,197,1,594,1,1092,1,2090,1,5082,1,594,1,979,1,1470,1,2455,1,5406,1,1087,1,1463,1,1940,1,2910,1,5838,1,2073,1,2422,1,2873,1,3811,1,6675,1,5058,1,5356,1,5766,1,6637,1,9359
qst_0184,semantic,gmail,dsid_74cd6ebda84547e2a534f8f6d1b49739,0,196,0,579,0,1060,0,2050,1,5029,1,585,1,931,1,1385,1,2324,1,5235,1,1081,1,1395,1,1814,1,2710,1,5551,1,2069,1,2349,1,2738,1,3562,1,6285,1,5050,1,5267,1,5577,1,6275,1,8751
qst_0185,semantic,slack,dsid_be67d91a95e24fe690cba692cb1762c6,0,198,1,595,1,1092,1,2089,1,5080,0,593,1,988,1,1480,1,2470,1,5433,0,1090,1,1477,1,1964,1,2938,1,5882,1,2084,1,2463,1,2937,1,3900,1,6797,1,5079,1,5442,1,5897,1,6818,1,9595
qst_0186,semantic,google_drive,dsid_0ae9b752fef446ec86e376e2dea49c28,1,178,1,559,1,1046,1,2036,1,5028,1,560,1,902,1,1366,1,2319,1,5247,1,1053,1,1377,1,1818,1,2741,1,5604,1,2045,1,2334,1,2746,1,3624,1,6389,1,5032,1,5251,1,5609,1,6389,1,8923
qst_0187,semantic,linear,dsid_a27715e7309c494d812c75cf03bcf916,0,195,0,590,0,1087,1,2083,1,5071,0,590,0,966,0,1447,1,2424,1,5371,0,1083,0,1448,0,1916,1,2878,1,5796,1,2078,1,2420,1,2864,1,3799,1,6661,1,5061,1,5361,1,5762,1,6625,1,9320
qst_0188,semantic,gmail,dsid_cf6a4a313c144536a3cfd09f6a9ee12a,1,192,1,570,1,1060,1,2050,1,5034,1,584,1,945,1,1420,1,2383,1,5319,1,1071,1,1415,1,1874,1,2820,1,5710,1,2064,1,2380,1,2806,1,3715,1,6536,1,5045,1,5319,1,5692,1,6530,1,9180
qst_0189,semantic,github,dsid_5d54f5f89bbc48a5b06b8dead39729b3,1,178,1,562,1,1049,1,2045,1,5027,1,553,1,896,1,1357,1,2316,1,5246,1,1044,1,1353,1,1799,1,2714,1,5596,1,2030,1,2301,1,2714,1,3582,1,6376,1,5016,1,5221,1,5570,1,6346,1,8922
qst_0190,semantic,confluence,dsid_b02e6ce0d9814b35af846c309c25e551,0,198,0,597,1,1096,1,2096,1,5092,0,597,0,990,1,1484,1,2478,1,5456,0,1091,0,1480,1,1969,1,2958,1,5921,0,2088,0,2472,1,2950,1,3924,1,6853,0,5081,0,5443,1,5902,1,6840,1,9674
qst_0191,semantic,jira,dsid_ef7f1d5cba204b728e1f4d7cddda7daa,0,200,1,600,1,1098,1,2097,1,5094,0,599,1,995,1,1490,1,2485,1,5470,0,1099,1,1492,1,1980,1,2970,1,5946,0,2098,1,2483,1,2971,1,3954,1,6910,1,5094,1,5471,1,5941,1,6904,1,9785
qst_0192,semantic,github,dsid_a193f9b7483248ad86c52e684d98a760,1,191,1,585,1,1079,1,2075,1,5055,1,585,1,953,1,1418,1,2388,1,5308,1,1077,1,1420,1,1861,1,2792,1,5635,1,2064,1,2366,1,2761,1,3630,1,6357,1,5047,1,5264,1,5585,1,6323,1,8750
qst_0193,semantic,gmail,dsid_942ffdd8280a4cb893aca73dcb376ee5,1,199,1,598,1,1097,1,2095,1,5088,1,595,1,993,1,1486,1,2480,1,5457,1,1094,1,1489,1,1982,1,2968,1,5929,1,2090,1,2475,1,2965,1,3934,1,6869,1,5083,1,5448,1,5909,1,6831,1,9653
qst_0194,semantic,jira,dsid_0c8ea3b2a7fd4392b1f480fe5f0c4725,1,183,1,562,1,1056,1,2046,1,5028,1,565,1,907,1,1382,1,2342,1,5272,1,1055,1,1366,1,1816,1,2734,1,5615,1,2045,1,2326,1,2746,1,3618,1,6399,1,5026,1,5233,1,5593,1,6350,1,8918
qst_0195,semantic,google_drive,dsid_de82a5f7140142f89781f2bf2d56cdca,1,191,1,587,1,1079,1,2072,1,5058,1,584,1,973,1,1453,1,2429,1,5365,1,1081,1,1454,1,1925,1,2886,1,5781,1,2079,1,2438,1,2892,1,3811,1,6628,1,5067,1,5387,1,5793,1,6626,1,9238
qst_0196,semantic,google_drive,dsid_3413f1905a0740d88b66c196b54f4df5,0,195,0,577,1,1067,1,2055,1,5033,1,582,1,931,1,1397,1,2351,1,5279,1,1073,1,1395,1,1837,1,2760,1,5626,1,2062,1,2335,1,2748,1,3617,1,6389,1,5044,1,5262,1,5604,1,6377,1,8912
qst_0197,semantic,confluence,dsid_25b0de9bfa854d3c9acfa961555c9d45,0,182,1,565,1,1062,1,2058,1,5054,0,558,1,905,1,1390,1,2373,1,5348,1,1047,1,1369,1,1840,1,2801,1,5747,1,2037,1,2326,1,2782,1,3714,1,6615,1,5027,1,5271,1,5685,1,6567,1,9342
qst_0198,semantic,jira,dsid_3ac2c680a56a44e39ddcfd257804de28,1,187,1,573,1,1063,1,2047,1,5040,1,564,1,904,1,1352,1,2285,1,5213,1,1052,1,1346,1,1759,1,2655,1,5506,1,2040,1,2280,1,2642,1,3464,1,6179,1,5026,1,5191,1,5448,1,6111,1,8495
qst_0199,semantic,google_drive,dsid_88f1c9800dd54a75bad05653b7f07a93,1,197,1,589,1,1071,1,2064,1,5054,1,585,1,950,1,1408,1,2377,1,5319,1,1073,1,1408,1,1842,1,2786,1,5677,1,2062,1,2370,1,2782,1,3686,1,6504,1,5054,1,5321,1,5693,1,6502,1,9168
qst_0200,semantic,google_drive,dsid_eab7ef95052c4016aff7a3df422131f0,1,199,1,596,1,1093,1,2088,1,5070,1,592,1,973,1,1461,1,2445,1,5386,1,1080,1,1445,1,1922,1,2886,1,5786,1,2075,1,2426,1,2886,1,3824,1,6667,1,5060,1,5366,1,5798,1,6664,1,9344
qst_0201,semantic,slack,dsid_96e315a4f8644c8bbafe05c2e0c0b775,0,197,0,590,0,1086,1,2077,1,5063,0,589,0,971,0,1452,1,2426,1,5363,0,1089,0,1460,0,1928,1,2873,1,5758,0,2083,0,2432,0,2882,1,3791,1,6591,1,5065,1,5363,1,5766,1,6577,1,9166
qst_0202,semantic,hubspot,dsid_1faf80f5afa8490ea64c77c7cb2fdf8f,1,172,1,551,1,1039,1,2028,1,5021,1,550,1,869,1,1322,1,2269,1,5222,1,1038,1,1318,1,1748,1,2667,1,5564,1,2028,1,2278,1,2672,1,3556,1,6364,1,5019,1,5221,1,5581,1,6400,1,9046
qst_0203,semantic,jira,dsid_3d745c88c7e4426c9548350824f0d9b8,1,192,1,586,1,1077,1,2073,1,5059,1,585,1,960,1,1435,1,2412,1,5361,1,1079,1,1439,1,1899,1,2859,1,5771,1,2073,1,2394,1,2838,1,3761,1,6586,1,5057,1,5337,1,5720,1,6545,1,9170
qst_0204,semantic,hubspot,dsid_a45c07f3daaf47c18b7bc75d3cbf2112,0,197,0,586,1,1074,1,2067,1,5048,0,589,0,942,1,1406,1,2359,1,5282,0,1081,0,1406,1,1846,1,2763,1,5625,0,2070,0,2364,1,2770,1,3614,1,6375,1,5049,1,5280,1,5604,1,6305,1,8783
qst_0205,semantic,slack,dsid_af49172aba97474aa215a460a817a2f7,1,196,1,580,1,1063,1,2052,1,5029,1,580,1,912,1,1360,1,2294,1,5197,1,1064,1,1351,1,1763,1,2652,1,5486,1,2042,1,2265,1,2640,1,3463,1,6152,1,5024,1,5189,1,5478,1,6152,1,8527
qst_0206,semantic,gmail,dsid_4842bf4dbbd84d60830cf3e9704fb203,1,197,1,595,1,1085,1,2077,1,5062,1,595,1,986,1,1464,1,2442,1,5386,1,1092,1,1476,1,1947,1,2911,1,5833,1,2092,1,2464,1,2923,1,3866,1,6739,1,5089,1,5435,1,5867,1,6758,1,9495
qst_0207,semantic,github,dsid_1653d1ed11a1403ca8e44bef03a610a9,0,197,0,591,0,1089,0,2084,1,5075,0,593,0,977,0,1475,0,2458,1,5416,0,1090,0,1467,0,1951,0,2921,1,5853,0,2076,0,2433,0,2901,0,3850,1,6726,1,5064,1,5389,1,5823,1,6726,1,9476
qst_0208,semantic,hubspot,dsid_c336dcdf965d44b0bcf4c8e3930af440,1,177,1,552,1,1044,1,2035,1,5028,1,558,1,882,1,1350,1,2316,1,5276,1,1045,1,1339,1,1776,1,2719,1,5644,1,2030,1,2282,1,2688,1,3593,1,6450,1,5019,1,5212,1,5576,1,6399,1,9092
qst_0209,semantic,hubspot,dsid_51183030e764419caca09cfe647048e7,1,179,1,555,1,1041,1,2030,1,5017,1,554,1,857,1,1306,1,2258,1,5192,1,1045,1,1305,1,1722,1,2638,1,5512,1,2028,1,2253,1,2637,1,3504,1,6280,1,5021,1,5203,1,5528,1,6296,1,8861
qst_0210,semantic,confluence,dsid_b4bd83b46612452e858bc02b380082e2,1,198,1,595,1,1088,1,2080,1,5067,1,590,1,959,1,1440,1,2407,1,5358,1,1083,1,1432,1,1897,1,2839,1,5734,1,2072,1,2394,1,2836,1,3734,1,6546,1,5056,1,5319,1,5710,1,6517,1,9139
qst_0211,semantic,jira,dsid_23438eef0a4c47f1a8921f4a74353a2b,1,196,1,590,1,1076,1,2060,1,5034,1,578,1,938,1,1390,1,2312,1,5187,1,1067,1,1388,1,1792,1,2656,1,5429,1,2040,1,2300,1,2656,1,3417,1,6001,1,5018,1,5177,1,5417,1,5969,1,8056
qst_0212,semantic,google_drive,dsid_5085c9f4b4484f298dabd02c99d9ce03,0,198,0,595,1,1094,1,2094,1,5089,0,592,0,980,1,1473,1,2459,1,5420,0,1090,0,1470,1,1950,1,2911,1,5841,0,2087,0,2449,1,2910,1,3839,1,6707,0,5072,0,5399,1,5800,1,6644,1,9351
qst_0213,semantic,hubspot,dsid_ad14c3cb06c4494093dfcfff5098d89d,0,197,1,596,1,1096,1,2090,1,5084,0,594,1,983,1,1476,1,2454,1,5427,0,1089,1,1465,1,1948,1,2914,1,5855,0,2081,1,2440,1,2911,1,3856,1,6749,0,5072,1,5403,1,5834,1,6728,1,9497
qst_0214,semantic,linear,dsid_303196c831af4d1bb38a1e2546228a09,0,198,0,593,0,1088,1,2081,1,5068,0,597,0,978,0,1462,1,2430,1,5381,1,1093,1,1462,1,1930,1,2881,1,5794,1,2084,1,2430,1,2877,1,3801,1,6644,1,5070,1,5378,1,5779,1,6615,1,9288
qst_0215,semantic,jira,dsid_a56c6ba5a2094d8b83c6c70d025d940e,1,174,1,549,1,1037,1,2019,1,5010,1,546,1,859,1,1300,1,2215,1,5128,1,1039,1,1291,1,1680,1,2502,1,5318,1,2029,1,2202,1,2510,1,3202,1,5818,1,5013,1,5108,1,5268,1,5728,1,7923
qst_0216,semantic,confluence,dsid_c175ab6b52fe4226baac85697c562c7d,1,193,1,567,1,1061,1,2057,1,5044,1,565,1,903,1,1375,1,2347,1,5285,1,1051,1,1355,1,1805,1,2756,1,5657,1,2035,1,2314,1,2737,1,3660,1,6500,1,5027,1,5254,1,5637,1,6508,1,9227
qst_0217,semantic,jira,dsid_84a6d354dca5476b85a34c38d4edfa14,1,189,1,583,1,1080,1,2076,1,5073,1,570,1,955,1,1447,1,2435,1,5405,1,1061,1,1436,1,1920,1,2898,1,5850,1,2055,1,2419,1,2893,1,3858,1,6775,1,5046,1,5387,1,5844,1,6781,1,9628
qst_0218,semantic,linear,dsid_462ab0251b704d878310f53e13d6f515,1,192,1,583,1,1078,1,2070,1,5059,1,585,1,963,1,1447,1,2418,1,5376,1,1081,1,1451,1,1926,1,2888,1,5823,1,2074,1,2430,1,2894,1,3837,1,6716,1,5066,1,5391,1,5831,1,6728,1,9499
qst_0219,semantic,gmail,dsid_b395ebb516614698bcd038cdb7933d4b,1,174,1,548,1,1041,1,2035,1,5028,1,543,1,858,1,1327,1,2293,1,5259,1,1026,1,1298,1,1741,1,2689,1,5617,1,2018,1,2259,1,2673,1,3587,1,6468,1,5010,1,5207,1,5566,1,6397,1,9133
qst_0220,semantic,slack,dsid_72b2bd3c2a094fdca6d5f3187a752c24,0,195,0,584,0,1078,1,2067,1,5044,0,587,0,946,0,1424,1,2368,1,5279,0,1080,0,1405,0,1858,1,2763,1,5608,0,2068,0,2348,0,2757,1,3600,1,6297,0,5043,0,5256,0,5580,1,6278,1,8611
qst_0221,semantic,confluence,dsid_5323aeb9f89042c9a62505d409c4d94a,0,198,0,598,0,1098,0,2097,1,5092,0,598,0,992,0,1490,0,2485,1,5471,0,1095,0,1485,0,1982,0,2969,1,5934,0,2092,0,2476,0,2968,0,3944,1,6889,0,5086,0,5455,0,5934,0,6883,1,9786
qst_0222,semantic,confluence,dsid_36d7605113204cdca94405cb30fc2c10,1,120,1,502,1,1002,1,2002,1,5001,1,500,1,845,1,1316,1,2291,1,5242,1,1000,1,1327,1,1783,1,2733,1,5640,1,2000,1,2300,1,2736,1,3639,1,6456,1,5000,1,5265,1,5652,1,6480,1,9084
qst_0223,semantic,jira,dsid_62ff534dc35a425896b265216f94f69a,1,163,1,545,1,1043,1,2042,1,5035,1,540,1,901,1,1394,1,2377,1,5338,1,1036,1,1387,1,1870,1,2834,1,5763,1,2031,1,2362,1,2829,1,3762,1,6636,1,5023,1,5326,1,5754,1,6631,1,9344
qst_0224,semantic,slack,dsid_96088536cbcc449eb676e94bf800486a,0,192,0,585,0,1080,0,2072,0,5058,0,586,0,966,0,1446,0,2425,0,5372,0,1083,0,1449,0,1916,0,2873,0,5788,0,2076,0,2428,0,2883,0,3810,0,6654,1,5063,1,5373,1,5796,1,6666,1,9379
qst_0225,semantic,google_drive,dsid_d295b7207fec4a6fb656f3e2a565d4e6,1,194,1,588,1,1082,1,2077,1,5065,1,586,1,966,1,1441,1,2408,1,5344,1,1077,1,1445,1,1902,1,2843,1,5722,1,2067,1,2405,1,2841,1,3742,1,6520,1,5053,1,5341,1,5708,1,6505,1,9039
qst_0226,semantic,slack,dsid_09cfdc4bec864c209affc45969e80012,1,191,1,574,1,1067,1,2054,1,5035,1,574,1,922,1,1381,1,2329,1,5241,1,1066,1,1377,1,1810,1,2717,1,5546,1,2058,1,2327,1,2716,1,3567,1,6272,1,5037,1,5231,1,5553,1,6257,1,8689
qst_0227,semantic,gmail,dsid_618649e367d24a1eb3bdcacc0a2d7da7,1,195,1,588,1,1086,1,2082,1,5073,1,592,1,972,1,1460,1,2443,1,5402,1,1087,1,1459,1,1941,1,2908,1,5844,1,2083,1,2440,1,2910,1,3864,1,6763,1,5077,1,5418,1,5867,1,6788,1,9611
qst_0228,semantic,jira,dsid_e20c31eb5466411ab6c7be17d08d02f5,1,149,1,528,1,1021,1,2016,1,5010,1,536,1,889,1,1351,1,2316,1,5262,1,1033,1,1354,1,1791,1,2731,1,5632,1,2029,1,2315,1,2726,1,3620,1,6445,1,5026,1,5257,1,5624,1,6429,1,9081
qst_0229,semantic,slack,dsid_38963978d7944613855e7413fa3a3838,0,182,0,559,0,1049,1,2035,1,5021,0,562,0,900,0,1345,1,2294,1,5225,0,1050,0,1347,0,1759,1,2663,1,5535,1,2037,1,2295,1,2672,1,3521,1,6271,1,5031,1,5242,1,5547,1,6276,1,8757
qst_0230,semantic,github,dsid_7d7a89d91c3d4c1c854cc513e76316aa,1,173,1,549,1,1035,1,2012,1,5004,1,541,1,838,1,1277,1,2181,1,5066,1,1023,1,1269,1,1656,1,2478,1,5225,1,2011,1,2179,1,2485,1,3156,1,5661,1,5000,1,5066,1,5231,1,5654,1,7516
qst_0231,semantic,gmail,dsid_5f46d65ae298435889c524bf559f4948,1,197,1,582,1,1074,1,2063,1,5040,1,586,1,948,1,1406,1,2351,1,5251,1,1080,1,1422,1,1855,1,2765,1,5579,1,2068,1,2377,1,2777,1,3636,1,6302,1,5053,1,5298,1,5637,1,6390,1,8767
qst_0232,semantic,github,dsid_b253f5cc715f4d47bdd578edd6f2f19e,1,174,1,554,1,1036,1,2025,1,5009,1,558,1,891,1,1323,1,2252,1,5145,1,1049,1,1341,1,1733,1,2598,1,5402,1,2037,1,2278,1,2614,1,3398,1,6052,1,5019,1,5189,1,5456,1,6104,1,8480
qst_0233,semantic,google_drive,dsid_426b86ef54164d9f8d7972acc3e2fefa,1,184,1,555,1,1039,1,2025,1,5012,1,562,1,868,1,1304,1,2242,1,5172,1,1052,1,1320,1,1724,1,2622,1,5486,1,2042,1,2276,1,2640,1,3490,1,6271,1,5029,1,5203,1,5511,1,6277,1,8839
qst_0234,semantic,confluence,dsid_ad58457891774bd7ba480e0bcd13df3a,0,197,1,592,1,1088,1,2082,1,5073,0,595,1,983,1,1469,1,2450,1,5412,0,1093,1,1471,1,1953,1,2915,1,5837,0,2092,1,2453,1,2921,1,3865,1,6738,0,5089,1,5418,1,5865,1,6757,1,9511
qst_0235,semantic,gmail,dsid_590dd1330a4046e28ac0a2f43b7910cc,1,199,1,595,1,1093,1,2086,1,5078,1,592,1,980,1,1470,1,2448,1,5409,1,1089,1,1473,1,1955,1,2922,1,5850,1,2086,1,2454,1,2926,1,3866,1,6729,1,5078,1,5414,1,5852,1,6737,1,9445
qst_0236,semantic,confluence,dsid_189583d1a5ed4513a4d709a037098a24,1,197,1,594,1,1089,1,2083,1,5078,1,593,1,981,1,1469,1,2452,1,5413,1,1090,1,1470,1,1954,1,2929,1,5861,1,2080,1,2447,1,2921,1,3873,1,6761,1,5073,1,5422,1,5882,1,6802,1,9559
qst_0237,semantic,gmail,dsid_972d8c39ddf54536bb62bae1c8bbe881,1,192,1,588,1,1080,1,2072,1,5057,1,578,1,941,1,1406,1,2379,1,5309,1,1069,1,1400,1,1846,1,2788,1,5656,1,2051,1,2337,1,2740,1,3636,1,6391,1,5031,1,5237,1,5576,1,6352,1,8874
qst_0238,semantic,google_drive,dsid_e528bed025b44f71bc37a54f5a9aefcd,1,166,1,518,1,1010,1,2003,1,5003,1,524,1,754,1,1196,1,2141,1,5103,1,1013,1,1190,1,1603,1,2497,1,5398,1,2005,1,2146,1,2508,1,3333,1,6129,1,5003,1,5104,1,5405,1,6134,1,8716
qst_0239,semantic,hubspot,dsid_ef492479c7dc4a3c9dd55d6771e5df54,1,190,1,586,1,1081,1,2071,1,5061,1,579,1,960,1,1446,1,2419,1,5378,1,1077,1,1451,1,1924,1,2879,1,5806,1,2070,1,2429,1,2888,1,3820,1,6704,1,5059,1,5391,1,5820,1,6703,1,9469
qst_0240,semantic,linear,dsid_5402831508734a51adf649603be4b075,1,199,1,595,1,1092,1,2086,1,5072,1,592,1,975,1,1460,1,2440,1,5391,1,1088,1,1458,1,1934,1,2897,1,5820,1,2081,1,2433,1,2890,1,3831,1,6686,1,5069,1,5391,1,5821,1,6697,1,9396
qst_0241,semantic,jira,dsid_1ffa3f05e342408382daa57107ec4297,1,189,1,573,1,1059,1,2039,1,5025,1,571,1,905,1,1346,1,2257,1,5159,1,1061,1,1343,1,1732,1,2587,1,5394,1,2041,1,2267,1,2599,1,3342,1,5994,1,5023,1,5161,1,5394,1,5936,1,8186
qst_0242,semantic,fireflies,dsid_3fc14ed9048e4e1f861e0632b06fc39b,0,200,0,598,0,1096,1,2094,1,5087,0,598,0,986,0,1478,1,2467,1,5440,0,1095,0,1479,0,1962,1,2943,1,5893,0,2093,0,2467,0,2941,1,3905,1,6809,0,5084,0,5427,0,5877,1,6789,1,9563
qst_0243,semantic,github,dsid_908e8464927742829dcdfe0c6165299b,0,192,0,583,0,1071,1,2053,1,5038,0,584,0,945,0,1402,1,2342,1,5269,1,1081,1,1414,1,1862,1,2763,1,5620,1,2067,1,2372,1,2779,1,3629,1,6339,1,5042,1,5281,1,5622,1,6324,1,8747
qst_0244,semantic,jira,dsid_37c24c697d9d462fad0e3afeeea9d8c0,1,187,1,579,1,1067,1,2055,1,5046,1,582,1,951,1,1421,1,2378,1,5327,1,1073,1,1417,1,1864,1,2800,1,5709,1,2066,1,2374,1,2788,1,3683,1,6533,1,5039,1,5304,1,5663,1,6475,1,9160
qst_0245,semantic,hubspot,dsid_d79518c427654533a01173792f51f986,1,195,1,582,1,1078,1,2074,1,5057,1,587,1,957,1,1439,1,2404,1,5341,1,1079,1,1436,1,1906,1,2842,1,5738,1,2066,1,2386,1,2831,1,3746,1,6562,1,5049,1,5322,1,5710,1,6550,1,9223
qst_0246,semantic,github,dsid_6f0be39ff1ae49c19ce0662bdd6de352,1,197,1,578,1,1068,1,2056,1,5049,1,586,1,944,1,1411,1,2375,1,5322,1,1082,1,1428,1,1878,1,2822,1,5717,1,2076,1,2404,1,2830,1,3735,1,6550,1,5064,1,5351,1,5723,1,6532,1,9148
qst_0247,semantic,fireflies,dsid_cc2f84330d014d03b8c49f8e92063b07,0,200,1,597,1,1094,1,2090,1,5080,0,598,1,988,1,1472,1,2455,1,5419,0,1090,1,1473,1,1947,1,2917,1,5848,0,2084,1,2456,1,2911,1,3854,1,6733,0,5077,1,5407,1,5829,1,6714,1,9457
qst_0248,semantic,confluence,dsid_0a2cd37d53ff47d4aced289cd9a76fe8,0,181,0,538,0,1017,1,2008,1,5001,1,544,1,777,1,1161,1,2068,1,5026,1,1018,1,1170,1,1467,1,2259,1,5118,1,2003,1,2076,1,2280,1,2907,1,5575,1,5001,1,5039,1,5136,1,5589,1,7907
qst_0249,semantic,slack,dsid_68650923209a49918491e54f4d4ab329,1,186,1,570,1,1056,1,2043,1,5029,1,566,1,924,1,1381,1,2336,1,5257,1,1063,1,1389,1,1821,1,2746,1,5603,1,2054,1,2340,1,2740,1,3608,1,6337,1,5037,1,5251,1,5559,1,6302,1,8760
qst_0250,semantic,gmail,dsid_3b1c14ab4cc647369b783b7abdfc32f3,1,197,1,580,1,1066,1,2062,1,5051,1,583,1,941,1,1393,1,2364,1,5305,1,1070,1,1408,1,1835,1,2772,1,5651,1,2062,1,2374,1,2769,1,3659,1,6436,1,5054,1,5307,1,5650,1,6436,1,8981
qst_0251,semantic,hubspot,dsid_a15c0247e9de4e128293bd820fc4c659,0,198,0,595,0,1090,0,2084,0,5075,0,594,0,979,0,1469,0,2454,0,5417,0,1090,0,1464,0,1940,0,2918,0,5849,0,2083,0,2438,0,2895,0,3849,0,6721,1,5069,1,5382,1,5800,1,6682,1,9398
qst_0252,semantic,confluence,dsid_01eaeaf6045941beaeaf74e6170aceea,1,199,1,590,1,1086,1,2083,1,5074,1,594,1,961,1,1445,1,2418,1,5361,1,1086,1,1435,1,1905,1,2854,1,5753,1,2083,1,2412,1,2862,1,3779,1,6612,1,5070,1,5365,1,5778,1,6631,1,9327
qst_0253,semantic,hubspot,dsid_1a4563b5332f41a499464ea69f92c9b0,1,179,1,557,1,1047,1,2033,1,5023,1,550,1,882,1,1343,1,2288,1,5209,1,1038,1,1338,1,1780,1,2682,1,5536,1,2034,1,2285,1,2683,1,3527,1,6258,1,5024,1,5229,1,5559,1,6272,1,8698
qst_0254,semantic,hubspot,dsid_5d161fbc61f94eaeb6098a9f9275d38f,1,186,1,568,1,1059,1,2050,1,5033,1,565,1,896,1,1357,1,2311,1,5241,1,1054,1,1356,1,1799,1,2718,1,5605,1,2044,1,2321,1,2737,1,3604,1,6408,1,5034,1,5250,1,5601,1,6349,1,8962
qst_0255,semantic,gmail,dsid_97750eeb49894690aa3d425669af4de0,1,197,1,579,1,1073,1,2059,1,5036,1,588,1,937,1,1406,1,2348,1,5265,1,1076,1,1405,1,1853,1,2763,1,5602,1,2066,1,2356,1,2765,1,3620,1,6344,1,5057,1,5293,1,5646,1,6399,1,8888
qst_0256,semantic,jira,dsid_df40f9a66b914f29839322d19f8922bb,0,187,1,577,1,1066,1,2059,1,5044,0,568,1,930,1,1401,1,2366,1,5299,0,1061,1,1403,1,1858,1,2799,1,5691,0,2053,1,2374,1,2805,1,3704,1,6527,0,5039,1,5312,1,5699,1,6498,1,9144
qst_0257,semantic,gmail,dsid_c563b97cd7314d1396553dfd8034e819,1,195,1,587,1,1072,1,2055,1,5034,1,578,1,941,1,1400,1,2351,1,5267,1,1066,1,1401,1,1835,1,2756,1,5603,1,2055,1,2354,1,2742,1,3596,1,6339,1,5045,1,5280,1,5608,1,6364,1,8904
qst_0258,semantic,jira,dsid_019864ee09fa428e919e9a0de11ca467,1,190,1,585,1,1076,1,2059,1,5045,1,571,1,937,1,1397,1,2343,1,5280,1,1056,1,1370,1,1803,1,2714,1,5599,1,2038,1,2302,1,2688,1,3549,1,6331,1,5015,1,5199,1,5501,1,6252,1,8769
qst_0259,semantic,confluence,dsid_fc009de77554459b89e6b4340e8eca82,1,195,1,583,1,1071,1,2053,1,5031,1,572,1,915,1,1365,1,2299,1,5193,1,1060,1,1368,1,1781,1,2658,1,5473,1,2047,1,2303,1,2670,1,3467,1,6151,1,5028,1,5227,1,5505,1,6151,1,8582
qst_0260,semantic,fireflies,dsid_9bf09a549d22494c9672ecdd79896878,0,197,0,595,1,1093,1,2086,1,5076,0,593,0,983,1,1474,1,2448,1,5407,0,1090,0,1468,1,1945,1,2900,1,5818,0,2084,0,2442,1,2903,1,3823,1,6686,0,5075,0,5393,1,5818,1,6680,1,9400
qst_0261,semantic,github,dsid_fa1c733deb77445da7bc55dc472d233d,1,198,1,593,1,1080,1,2063,1,5041,1,592,1,965,1,1436,1,2379,1,5292,1,1089,1,1438,1,1886,1,2794,1,5653,1,2080,1,2398,1,2822,1,3679,1,6448,1,5057,1,5304,1,5670,1,6445,1,9008
qst_0262,semantic,jira,dsid_b87d81a8f52646f98e614d2a6394d7a3,0,189,1,571,1,1058,1,2048,1,5026,1,571,1,915,1,1368,1,2302,1,5217,1,1057,1,1368,1,1794,1,2673,1,5492,1,2044,1,2308,1,2686,1,3493,1,6160,1,5024,1,5208,1,5519,1,6182,1,8503
qst_0263,semantic,linear,dsid_061c09d8eef649eba85cd1421e28a41a,0,198,1,592,1,1088,1,2078,1,5054,1,591,1,958,1,1432,1,2392,1,5307,1,1082,1,1426,1,1880,1,2805,1,5666,1,2073,1,2384,1,2806,1,3683,1,6429,1,5053,1,5292,1,5645,1,6384,1,8843
qst_0264,semantic,gmail,dsid_f09cf2d633174b7ab7105ef0a7498e74,1,158,1,531,1,1024,1,2019,1,5014,1,537,1,874,1,1351,1,2329,1,5288,1,1028,1,1348,1,1816,1,2780,1,5699,1,2023,1,2320,1,2760,1,3701,1,6567,1,5016,1,5277,1,5680,1,6566,1,9297
qst_0265,semantic,jira,dsid_876b1a31bcc7409ab560b9ccbe5a0d41,1,191,1,579,1,1074,1,2063,1,5050,1,571,1,935,1,1414,1,2385,1,5340,1,1066,1,1418,1,1880,1,2838,1,5757,1,2064,1,2392,1,2841,1,3778,1,6654,1,5050,1,5360,1,5792,1,6682,1,9440
qst_0266,semantic,github,dsid_415b72b7d40a405e87b9671946e894d8,1,184,1,547,1,1021,1,2012,1,5000,1,540,1,806,1,1199,1,2107,1,5022,1,1030,1,1214,1,1522,1,2328,1,5107,1,2011,1,2118,1,2320,1,2925,1,5373,1,5002,1,5039,1,5124,1,5417,1,7096
qst_0267,semantic,slack,dsid_0aebc4d1e7264c6c90136b6b780a0c67,0,193,0,581,0,1078,0,2064,0,5049,0,584,0,941,0,1416,0,2364,0,5273,0,1072,0,1408,0,1856,0,2761,0,5599,0,2062,0,2356,0,2768,0,3603,0,6306,0,5042,0,5275,0,5619,0,6311,0,8674
qst_0268,semantic,jira,dsid_a990e708840f481795741cfd3fb55691,0,195,1,590,1,1083,1,2074,1,5055,0,590,1,971,1,1437,1,2407,1,5337,1,1083,1,1452,1,1908,1,2863,1,5759,1,2077,1,2418,1,2849,1,3776,1,6612,1,5067,1,5379,1,5780,1,6645,1,9301
qst_0269,semantic,linear,dsid_fad07fd45c964078ba757dfd8d79ee51,1,189,1,576,1,1072,1,2068,1,5058,1,581,1,949,1,1440,1,2416,1,5370,1,1079,1,1437,1,1915,1,2877,1,5782,1,2070,1,2414,1,2877,1,3811,1,6640,1,5063,1,5366,1,5776,1,6643,1,9293
qst_0270,semantic,confluence,dsid_33de625fcfc045dd967dbc9bdde3a8b4,1,191,1,583,1,1079,1,2074,1,5062,1,584,1,960,1,1444,1,2415,1,5358,1,1078,1,1439,1,1917,1,2873,1,5779,1,2074,1,2423,1,2886,1,3820,1,6665,1,5065,1,5377,1,5800,1,6684,1,9403
qst_0271,semantic,jira,dsid_db87c0dec8444b1d83b06cbbe725d3a8,1,184,1,576,1,1072,1,2062,1,5058,1,570,1,946,1,1424,1,2403,1,5371,1,1063,1,1425,1,1881,1,2851,1,5794,1,2054,1,2389,1,2829,1,3763,1,6661,1,5044,1,5328,1,5723,1,6590,1,9389
qst_0272,semantic,confluence,dsid_329e7ecd6b304c30b61a30e07919e008,1,188,1,581,1,1079,1,2077,1,5076,1,565,1,947,1,1443,1,2438,1,5426,1,1055,1,1427,1,1919,1,2909,1,5886,1,2043,1,2406,1,2887,1,3871,1,6821,1,5033,1,5362,1,5821,1,6785,1,9668
qst_0273,semantic,slack,dsid_451cad750f4548568ebfe6a5d2074f48,1,197,1,593,1,1091,1,2088,1,5081,1,591,1,980,1,1471,1,2460,1,5441,1,1087,1,1470,1,1954,1,2932,1,5899,1,2082,1,2457,1,2930,1,3893,1,6821,1,5068,1,5417,1,5871,1,6799,1,9649
qst_0274,semantic,hubspot,dsid_98abe7c857dc40e29fcce7daee0e24a2,1,195,1,588,1,1083,1,2077,1,5069,1,589,1,971,1,1457,1,2437,1,5387,1,1084,1,1456,1,1928,1,2888,1,5810,1,2076,1,2429,1,2884,1,3808,1,6665,1,5065,1,5382,1,5793,1,6649,1,9346
qst_0275,semantic,linear,dsid_a55032c4c2064671a4b0abf975438e1a,1,192,1,588,1,1082,1,2075,1,5069,1,589,1,979,1,1469,1,2451,1,5432,1,1088,1,1474,1,1957,1,2931,1,5892,1,2085,1,2465,1,2939,1,3902,1,6833,1,5079,1,5443,1,5900,1,6835,1,9698
qst_0276,semantic,github,dsid_ee6c23c178dc428bbd71af6526c70251,1,198,1,593,1,1088,1,2077,1,5064,1,590,1,974,1,1456,1,2427,1,5370,1,1078,1,1445,1,1911,1,2866,1,5767,1,2068,1,2405,1,2857,1,3776,1,6603,1,5053,1,5346,1,5751,1,6605,1,9265
qst_0277,semantic,hubspot,dsid_6df6cca7e7124f20850ebe9077fd5958,1,182,1,570,1,1058,1,2049,1,5036,1,551,1,904,1,1368,1,2323,1,5253,1,1039,1,1369,1,1813,1,2733,1,5602,1,2026,1,2324,1,2741,1,3623,1,6390,1,5016,1,5259,1,5626,1,6408,1,8963
qst_0278,semantic,linear,dsid_e5298124a9fd4bee8242a18bdb3829e0,1,182,1,559,1,1048,1,2038,1,5017,1,558,1,894,1,1351,1,2301,1,5210,1,1046,1,1356,1,1784,1,2687,1,5518,1,2036,1,2300,1,2685,1,3517,1,6202,1,5020,1,5199,1,5512,1,6208,1,8582
qst_0279,semantic,jira,dsid_3f7f32874e9b4ba49ff4fe28c0ef5de0,1,185,1,574,1,1068,1,2063,1,5057,1,573,1,948,1,1430,1,2411,1,5372,1,1069,1,1435,1,1907,1,2866,1,5804,1,2065,1,2421,1,2878,1,3816,1,6709,1,5058,1,5391,1,5819,1,6705,1,9491
qst_0280,semantic,google_drive,dsid_6713194be8d54a0f8de8f8d89347ecf6,1,196,1,587,1,1079,1,2076,1,5061,1,590,1,963,1,1445,1,2414,1,5349,1,1081,1,1439,1,1906,1,2857,1,5745,1,2061,1,2381,1,2812,1,3713,1,6490,1,5039,1,5267,1,5622,1,6392,1,8878
qst_0281,semantic,gmail,dsid_6091c41379e04d07adcf0a5646c65909,1,197,1,591,1,1088,1,2081,1,5070,1,587,1,966,1,1445,1,2412,1,5370,1,1081,1,1446,1,1914,1,2856,1,5769,1,2070,1,2409,1,2856,1,3761,1,6605,1,5061,1,5362,1,5761,1,6589,1,9238
qst_0282,semantic,jira,dsid_9adc7c1c81f54e0a88d0e0bee59a6588,0,196,0,588,0,1084,1,2082,1,5066,0,594,0,979,0,1459,1,2448,1,5403,0,1087,0,1450,0,1924,1,2897,1,5823,0,2080,0,2423,0,2877,1,3813,1,6664,0,5071,0,5373,0,5784,1,6654,1,9367
qst_0283,semantic,google_drive,dsid_c9435a0a83724528bfd39f530d0c972a,1,174,1,548,1,1034,1,2029,1,5016,1,560,1,906,1,1374,1,2352,1,5300,1,1054,1,1388,1,1844,1,2808,1,5724,1,2042,1,2355,1,2799,1,3744,1,6599,1,5037,1,5328,1,5736,1,6623,1,9363
qst_0284,semantic,gmail,dsid_497e2620f4ab45f29db9aa4193cf9e2b,1,189,1,568,1,1049,1,2020,1,5004,1,562,1,874,1,1281,1,2146,1,5055,1,1038,1,1298,1,1626,1,2378,1,5160,1,2025,1,2175,1,2390,1,2958,1,5502,1,5008,1,5077,1,5172,1,5506,1,7596
qst_0285,semantic,linear,dsid_59ff5fe3de4c4a3691700ce678801bd2,0,193,1,574,1,1063,1,2049,1,5027,1,575,1,900,1,1352,1,2280,1,5190,1,1065,1,1349,1,1763,1,2630,1,5456,1,2042,1,2263,1,2629,1,3408,1,6076,1,5020,1,5167,1,5421,1,6034,1,8398
qst_0286,semantic,hubspot,dsid_7711da5856a8485e80e0085ebd193690,1,156,1,544,1,1040,1,2039,1,5030,1,530,1,892,1,1372,1,2348,1,5308,1,1018,1,1370,1,1838,1,2796,1,5712,1,2015,1,2350,1,2808,1,3739,1,6596,1,5011,1,5323,1,5757,1,6641,1,9352
qst_0287,semantic,hubspot,dsid_c264b5d312534f44a97cce8b6eb104b6,0,200,1,592,1,1087,1,2078,1,5066,0,591,1,965,1,1450,1,2418,1,5358,0,1086,1,1439,1,1908,1,2851,1,5754,0,2075,1,2405,1,2854,1,3768,1,6608,1,5057,1,5341,1,5748,1,6588,1,9282
qst_0288,semantic,gmail,dsid_c2ddd5240eb04e16806d82103f7646dd,1,190,1,559,1,1046,1,2028,1,5011,1,560,1,852,1,1289,1,2197,1,5095,1,1037,1,1284,1,1678,1,2530,1,5333,1,2028,1,2233,1,2584,1,3365,1,6043,1,5018,1,5161,1,5432,1,6096,1,8570
qst_0289,semantic,jira,dsid_5d8045f7d37d41b99605880834c17329,0,194,0,588,1,1080,1,2072,1,5058,1,583,1,955,1,1423,1,2390,1,5325,1,1080,1,1434,1,1884,1,2825,1,5710,1,2070,1,2409,1,2838,1,3747,1,6532,1,5057,1,5355,1,5730,1,6566,1,9168
qst_0290,semantic,github,dsid_1b7a5d6230f84eb0a38a97da0e0ce05c,1,184,1,577,1,1074,1,2071,1,5065,1,576,1,957,1,1447,1,2434,1,5407,1,1068,1,1442,1,1926,1,2905,1,5847,1,2062,1,2416,1,2891,1,3852,1,6750,1,5043,1,5351,1,5790,1,6702,1,9503
qst_0291,semantic,google_drive,dsid_38ddce87e36046df9749d9883dbfeeda,1,199,1,598,1,1098,1,2096,1,5093,1,598,1,995,1,1492,1,2488,1,5473,1,1097,1,1491,1,1984,1,2980,1,5947,1,2091,1,2475,1,2960,1,3947,1,6889,1,5088,1,5462,1,5931,1,6900,1,9774
qst_0292,semantic,github,dsid_49d64735870b48b79f1e6f2724f1e7e2,1,195,1,585,1,1080,1,2066,1,5045,1,582,1,945,1,1423,1,2366,1,5274,1,1074,1,1404,1,1855,1,2755,1,5591,1,2060,1,2353,1,2759,1,3595,1,6304,1,5043,1,5256,1,5569,1,6265,1,8648
qst_0293,semantic,jira,dsid_a8ea8c81885c44ab8aa6b0395360657c,1,199,1,591,1,1085,1,2074,1,5064,1,594,1,983,1,1470,1,2451,1,5422,1,1091,1,1472,1,1956,1,2922,1,5863,1,2087,1,2462,1,2937,1,3884,1,6775,1,5083,1,5441,1,5892,1,6807,1,9618
qst_0294,semantic,confluence,dsid_77351104a57140ac8e065d0a6bcf2046,1,200,1,597,1,1095,1,2092,1,5087,1,596,1,985,1,1475,1,2462,1,5436,1,1094,1,1475,1,1961,1,2941,1,5883,1,2089,1,2453,1,2926,1,3891,1,6795,1,5081,1,5422,1,5870,1,6779,1,9555
qst_0295,semantic,slack,dsid_4b6a0f839f514ca794314398409fc883,1,195,1,582,1,1076,1,2070,1,5061,1,584,1,960,1,1445,1,2429,1,5397,1,1080,1,1450,1,1933,1,2910,1,5860,1,2077,1,2442,1,2917,1,3880,1,6789,1,5066,1,5412,1,5871,1,6805,1,9647
qst_0296,semantic,slack,dsid_0d7ec9095f1b41fba11cca1c8887bc2c,0,197,0,587,0,1078,0,2060,1,5035,0,595,0,957,0,1423,0,2377,1,5292,0,1089,0,1439,0,1895,0,2816,1,5682,0,2081,0,2407,0,2836,0,3722,1,6497,0,5074,0,5360,0,5761,0,6582,1,9177
qst_0297,semantic,google_drive,dsid_02a6857f487642dca0732a4ac480ea5f,0,198,0,594,0,1089,0,2079,0,5066,0,592,0,978,0,1462,0,2429,0,5390,0,1088,0,1463,0,1935,0,2880,0,5816,0,2084,0,2439,0,2901,0,3816,0,6682,0,5069,0,5397,0,5816,0,6659,0,9349
qst_0298,semantic,fireflies,dsid_a9d76bcb3bc1475abc9d6f8f83a6eba8,0,199,0,595,1,1093,1,2086,1,5077,0,598,0,987,1,1483,1,2462,1,5426,0,1094,0,1480,1,1967,1,2931,1,5865,0,2091,0,2464,1,2938,1,3877,1,6744,0,5079,0,5425,1,5864,1,6737,1,9443
qst_0299,semantic,gmail,dsid_243dfdca4bbe4872946fb3a5f686edca,1,179,1,553,1,1046,1,2041,1,5023,1,559,1,903,1,1374,1,2347,1,5293,1,1048,1,1378,1,1836,1,2790,1,5687,1,2040,1,2351,1,2789,1,3713,1,6535,1,5035,1,5310,1,5718,1,6578,1,9232
qst_0300,semantic,google_drive,dsid_2ffb84ee56464340885a9e484cfc6f5d,1,196,1,585,1,1077,1,2068,1,5050,1,592,1,954,1,1429,1,2395,1,5318,1,1087,1,1430,1,1885,1,2815,1,5678,1,2079,1,2401,1,2831,1,3710,1,6463,1,5061,1,5332,1,5700,1,6474,1,8974
qst_0301,intra_document_reasoning,linear,dsid_ca18eee975d34f4da7b1b880ea5ac271,1,192,1,579,1,1070,1,2060,1,5041,1,575,1,935,1,1397,1,2358,1,5282,1,1069,1,1411,1,1849,1,2777,1,5658,1,2061,1,2370,1,2780,1,3669,1,6451,1,5045,1,5306,1,5671,1,6478,1,9069
qst_0302,intra_document_reasoning,slack,dsid_85482a6b56e747e29edb35ebec10ab67,1,180,1,549,1,1040,1,2034,1,5024,1,556,1,844,1,1289,1,2240,1,5176,1,1042,1,1273,1,1684,1,2587,1,5446,1,2022,1,2206,1,2561,1,3398,1,6132,1,5013,1,5127,1,5401,1,6101,1,8562
qst_0303,intra_document_reasoning,linear,dsid_cf4696a68a924cc3aaf48ba4a2c1fab1,1,197,1,588,1,1082,1,2077,1,5066,1,593,1,973,1,1457,1,2442,1,5409,1,1091,1,1457,1,1932,1,2901,1,5846,1,2087,1,2446,1,2910,1,3859,1,6762,1,5079,1,5413,1,5848,1,6750,1,9548
qst_0304,intra_document_reasoning,gmail,dsid_326387eb70834053ab4447fc1596da38,1,181,1,560,1,1053,1,2042,1,5026,1,562,1,880,1,1336,1,2288,1,5225,1,1047,1,1341,1,1778,1,2707,1,5588,1,2036,1,2305,1,2719,1,3621,1,6445,1,5028,1,5251,1,5613,1,6432,1,9100
qst_0305,intra_document_reasoning,slack,dsid_c6a07633c306457ca67a9d7bd9fb8001,1,144,1,506,1,1003,1,2002,1,5001,1,510,1,719,1,1170,1,2124,1,5062,1,1004,1,1142,1,1549,1,2447,1,5256,1,2002,1,2095,1,2448,1,3268,1,5885,1,5001,1,5062,1,5350,1,6017,1,8269
qst_0306,intra_document_reasoning,slack,dsid_9dff54e0ef8e4710926767a81224d475,1,163,1,525,1,1018,1,2014,1,5009,1,531,1,812,1,1271,1,2219,1,5165,1,1015,1,1252,1,1679,1,2572,1,5457,1,2012,1,2208,1,2604,1,3434,1,6174,1,5010,1,5142,1,5472,1,6170,1,8604
qst_0307,intra_document_reasoning,slack,dsid_be03b2f295574a9081065a0500ef605e,1,195,1,588,1,1079,1,2070,1,5054,1,583,1,950,1,1431,1,2403,1,5344,1,1076,1,1421,1,1890,1,2843,1,5746,1,2070,1,2391,1,2846,1,3766,1,6597,1,5058,1,5334,1,5752,1,6593,1,9296
qst_0308,intra_document_reasoning,gmail,dsid_a07c9545aad04538877d041a649400d9,1,194,1,588,1,1085,1,2078,1,5065,1,586,1,963,1,1447,1,2424,1,5369,1,1083,1,1442,1,1914,1,2866,1,5764,1,2078,1,2418,1,2864,1,3783,1,6615,1,5064,1,5348,1,5734,1,6543,1,9162
qst_0309,intra_document_reasoning,slack,dsid_107621ec137a40e5a966e429a531125e,1,188,1,567,1,1056,1,2047,1,5043,1,567,1,906,1,1363,1,2331,1,5293,1,1052,1,1362,1,1791,1,2713,1,5643,1,2030,1,2294,1,2682,1,3557,1,6416,1,5018,1,5187,1,5506,1,6268,1,8951
qst_0310,intra_document_reasoning,fireflies,dsid_b9025f196ac14b2cb7a2905654dd42d7,1,187,1,581,1,1076,1,2068,1,5060,1,574,1,950,1,1432,1,2401,1,5361,1,1069,1,1430,1,1894,1,2843,1,5766,1,2062,1,2397,1,2844,1,3760,1,6618,1,5048,1,5344,1,5736,1,6572,1,9249
qst_0311,intra_document_reasoning,gmail,dsid_a4ab40c6ecf249239d4b426892299048,1,193,1,578,1,1070,1,2063,1,5050,1,579,1,939,1,1418,1,2383,1,5333,1,1075,1,1416,1,1883,1,2834,1,5748,1,2068,1,2390,1,2840,1,3770,1,6629,1,5060,1,5336,1,5762,1,6631,1,9361
qst_0312,intra_document_reasoning,fireflies,dsid_c054271735b541ba91e42c4dbe8a4883,1,194,1,588,1,1084,1,2078,1,5070,1,584,1,965,1,1448,1,2424,1,5390,1,1081,1,1452,1,1924,1,2887,1,5812,1,2078,1,2439,1,2895,1,3826,1,6703,1,5071,1,5399,1,5822,1,6710,1,9455
qst_0313,intra_document_reasoning,linear,dsid_e9f22ba025e34bb6b7b8c61d26a38a19,1,195,1,590,1,1087,1,2078,1,5054,1,589,1,964,1,1447,1,2413,1,5351,1,1083,1,1440,1,1911,1,2853,1,5717,1,2077,1,2411,1,2864,1,3761,1,6517,1,5059,1,5346,1,5736,1,6517,1,9029
qst_0314,intra_document_reasoning,gmail,dsid_675719b813ed4030b65514ca79e67ef8,1,191,1,584,1,1077,1,2069,1,5055,1,582,1,954,1,1431,1,2401,1,5352,1,1080,1,1439,1,1905,1,2868,1,5787,1,2074,1,2423,1,2878,1,3827,1,6716,1,5070,1,5396,1,5827,1,6744,1,9533
qst_0315,intra_document_reasoning,linear,dsid_e6c0f4ec1f2d4937925ce9b9ef2c3057,1,199,1,590,1,1081,1,2074,1,5066,1,589,1,960,1,1434,1,2391,1,5347,1,1084,1,1438,1,1902,1,2847,1,5748,1,2081,1,2405,1,2847,1,3767,1,6592,1,5071,1,5359,1,5753,1,6608,1,9268
qst_0316,intra_document_reasoning,gmail,dsid_36bdca5b925c4550b5eca1990f2d798b,1,198,1,592,1,1083,1,2075,1,5053,1,593,1,959,1,1428,1,2389,1,5292,1,1090,1,1429,1,1882,1,2799,1,5622,1,2081,1,2384,1,2805,1,3655,1,6343,1,5064,1,5313,1,5680,1,6390,1,8720
qst_0317,intra_document_reasoning,linear,dsid_410b731e6ab84ea2b1e17ece1db407bf,1,196,1,585,1,1074,1,2067,1,5049,1,591,1,955,1,1420,1,2377,1,5308,1,1080,1,1421,1,1847,1,2772,1,5645,1,2070,1,2388,1,2783,1,3648,1,6424,1,5058,1,5312,1,5647,1,6408,1,8950
qst_0318,intra_document_reasoning,jira,dsid_521553a072244d199d06a34dd6e1aca0,1,174,1,564,1,1060,1,2056,1,5051,1,559,1,922,1,1405,1,2380,1,5346,1,1050,1,1384,1,1849,1,2814,1,5742,1,2041,1,2352,1,2790,1,3726,1,6585,1,5027,1,5297,1,5682,1,6557,1,9273
qst_0319,intra_document_reasoning,slack,dsid_3ab32ce7a21947de8fa071e06243b6a8,1,192,1,574,1,1065,1,2054,1,5038,1,582,1,948,1,1421,1,2381,1,5296,1,1077,1,1422,1,1871,1,2792,1,5637,1,2063,1,2374,1,2791,1,3662,1,6378,1,5048,1,5302,1,5662,1,6424,1,8828
qst_0320,intra_document_reasoning,gmail,dsid_e052daca29064eb5ba2b1b0f046fbb84,1,175,1,557,1,1048,1,2043,1,5024,1,553,1,894,1,1360,1,2328,1,5232,1,1043,1,1348,1,1788,1,2699,1,5513,1,2026,1,2275,1,2660,1,3476,1,6109,1,5015,1,5175,1,5441,1,6062,1,8208
qst_0321,intra_document_reasoning,linear,dsid_6e44a32c61cb464cb7a702a8ddcf04b6,1,199,1,597,1,1097,1,2096,1,5091,1,597,1,992,1,1489,1,2478,1,5452,1,1097,1,1489,1,1982,1,2966,1,5927,1,2095,1,2478,1,2963,1,3939,1,6871,1,5085,1,5449,1,5913,1,6864,1,9733
qst_0322,intra_document_reasoning,github,dsid_bab6aba4c06e41e9ae46b9355f644a7a,1,171,1,529,1,1019,1,2012,1,5010,1,543,1,814,1,1262,1,2226,1,5200,1,1032,1,1266,1,1686,1,2616,1,5551,1,2020,1,2209,1,2589,1,3475,1,6345,1,5014,1,5147,1,5447,1,6238,1,8952
qst_0323,intra_document_reasoning,linear,dsid_a2c7dc70aacc470894c953b6c7499228,1,173,1,558,1,1043,1,2026,1,5012,1,549,1,875,1,1312,1,2225,1,5118,1,1040,1,1318,1,1697,1,2534,1,5307,1,2030,1,2241,1,2558,1,3274,1,5827,1,5020,1,5154,1,5361,1,5874,1,7999
qst_0324,intra_document_reasoning,gmail,dsid_a92fe998fc534d57a1d54d5a6294c938,1,183,1,573,1,1069,1,2065,1,5058,1,569,1,932,1,1410,1,2388,1,5347,1,1056,1,1406,1,1867,1,2829,1,5760,1,2048,1,2371,1,2803,1,3731,1,6611,1,5036,1,5313,1,5707,1,6593,1,9343
qst_0325,intra_document_reasoning,slack,dsid_bbce440e846642f3983104c786157597,1,171,1,536,1,1023,1,2016,1,5012,1,545,1,859,1,1315,1,2269,1,5223,1,1038,1,1329,1,1760,1,2695,1,5624,1,2035,1,2290,1,2695,1,3589,1,6456,1,5026,1,5237,1,5615,1,6438,1,9196
qst_0326,intra_document_reasoning,linear,dsid_c2b97fe24375413ca538402166ed8482,1,187,1,569,1,1058,1,2051,1,5039,1,569,1,917,1,1377,1,2343,1,5291,1,1056,1,1375,1,1807,1,2738,1,5632,1,2043,1,2330,1,2734,1,3613,1,6427,1,5033,1,5261,1,5599,1,6386,1,9008
qst_0327,intra_document_reasoning,confluence,dsid_69e745b76aa34eab8721ba0c88482ec0,1,196,1,592,1,1084,1,2079,1,5074,1,590,1,972,1,1457,1,2433,1,5395,1,1084,1,1457,1,1931,1,2883,1,5787,1,2075,1,2435,1,2893,1,3815,1,6645,1,5066,1,5394,1,5813,1,6673,1,9315
qst_0328,intra_document_reasoning,slack,dsid_bdf2a80ff4b94ad89ce86f7930b11be6,1,186,1,562,1,1046,1,2036,1,5026,1,559,1,862,1,1293,1,2227,1,5158,1,1050,1,1303,1,1702,1,2583,1,5464,1,2034,1,2238,1,2601,1,3433,1,6255,1,5026,1,5181,1,5502,1,6276,1,8994
qst_0329,intra_document_reasoning,hubspot,dsid_f4fbc3f2bcc24bb29f9da2c81e43661f,1,199,1,592,1,1087,1,2078,1,5061,1,594,1,967,1,1447,1,2405,1,5329,1,1085,1,1434,1,1889,1,2810,1,5677,1,2075,1,2390,1,2819,1,3680,1,6436,1,5058,1,5317,1,5664,1,6405,1,8896
qst_0330,intra_document_reasoning,slack,dsid_924e4e8724c140799fef68bd384a0412,1,199,1,599,1,1095,1,2088,1,5076,1,596,1,990,1,1477,1,2456,1,5409,1,1093,1,1478,1,1955,1,2921,1,5829,1,2092,1,2464,1,2925,1,3866,1,6711,1,5091,1,5441,1,5866,1,6764,1,9488
qst_0331,intra_document_reasoning,jira,dsid_58220c63dc384549a60a5eb8e400d55a,1,181,1,565,1,1059,1,2049,1,5037,1,558,1,902,1,1372,1,2339,1,5295,1,1048,1,1369,1,1817,1,2756,1,5673,1,2044,1,2340,1,2768,1,3678,1,6520,1,5029,1,5271,1,5652,1,6488,1,9152
qst_0332,intra_document_reasoning,slack,dsid_21c9dba0568449d89fba4d57dc3dd442,1,170,1,547,1,1033,1,2021,1,5008,1,542,1,856,1,1315,1,2271,1,5209,1,1039,1,1337,1,1786,1,2729,1,5627,1,2034,1,2312,1,2747,1,3660,1,6519,1,5029,1,5273,1,5679,1,6542,1,9277
qst_0333,intra_document_reasoning,fireflies,dsid_100d6362c85946ab97758b63509bc182,1,191,1,586,1,1082,1,2076,1,5069,1,584,1,967,1,1456,1,2443,1,5408,1,1080,1,1447,1,1929,1,2904,1,5847,1,2072,1,2424,1,2890,1,3851,1,6754,1,5061,1,5386,1,5827,1,6745,1,9530
qst_0334,intra_document_reasoning,slack,dsid_98525cb72fd948ef9797c6d35b504b9d,1,186,1,552,1,1026,1,2016,1,5001,1,560,1,839,1,1249,1,2157,1,5051,1,1044,1,1268,1,1621,1,2433,1,5193,1,2026,1,2191,1,2462,1,3122,1,5599,1,5011,1,5100,1,5255,1,5675,1,7603
qst_0335,intra_document_reasoning,gmail,dsid_29fbaa51102242e5a1efe670e7214591,1,172,1,536,1,1030,1,2027,1,5022,1,543,1,849,1,1320,1,2306,1,5282,1,1031,1,1302,1,1751,1,2715,1,5661,1,2026,1,2265,1,2679,1,3604,1,6499,1,5014,1,5195,1,5542,1,6376,1,9085
qst_0336,intra_document_reasoning,gmail,dsid_b89d7b362a2c480993502fb443c144c9,1,190,1,581,1,1077,1,2069,1,5058,1,582,1,957,1,1444,1,2408,1,5359,1,1078,1,1447,1,1917,1,2864,1,5772,1,2072,1,2420,1,2872,1,3793,1,6631,1,5062,1,5368,1,5773,1,6617,1,9254
qst_0337,intra_document_reasoning,linear,dsid_b4443ecc53154934902652d496c9d12e,1,194,1,582,1,1076,1,2062,1,5049,1,584,1,946,1,1422,1,2390,1,5340,1,1077,1,1422,1,1885,1,2828,1,5741,1,2065,1,2384,1,2820,1,3733,1,6576,1,5048,1,5329,1,5718,1,6559,1,9224
qst_0338,intra_document_reasoning,confluence,dsid_06682ba9559b4b2192ffe6dee7a7abba,1,198,1,597,1,1095,1,2090,1,5085,1,597,1,984,1,1477,1,2463,1,5444,1,1096,1,1475,1,1963,1,2940,1,5888,1,2092,1,2458,1,2934,1,3893,1,6796,1,5084,1,5439,1,5888,1,6808,1,9595
qst_0339,intra_document_reasoning,github,dsid_81208556437644a0a4dedf168baf81b5,1,186,1,579,1,1074,1,2069,1,5055,1,581,1,948,1,1426,1,2395,1,5347,1,1078,1,1431,1,1893,1,2843,1,5756,1,2070,1,2402,1,2842,1,3751,1,6617,1,5053,1,5339,1,5734,1,6567,1,9295
qst_0340,intra_document_reasoning,slack,dsid_402f0ac3cd174f30b3a306c2e4def472,1,146,1,535,1,1031,1,2024,1,5018,1,529,1,877,1,1351,1,2319,1,5279,1,1028,1,1360,1,1817,1,2767,1,5684,1,2028,1,2339,1,2774,1,3692,1,6539,1,5026,1,5313,1,5723,1,6591,1,9317
qst_0341,project_related,confluence|jira,dsid_1980f45c3fb4455f943a2b030892ae90|dsid_49fa5cfd95624dbeb6eaa535f9959470,1,191,1,585,1,1083,1,2073,1,5056,1,578,1,946,1,1429,1,2392,1,5324,1,1075,1,1428,1,1897,1,2834,1,5713,1,2068,1,2391,1,2838,1,3734,1,6530,1,5059,1,5340,1,5733,1,6553,1,9188
qst_0342,project_related,confluence|gmail,dsid_d64b62cc422c45108871fb097066e6f8|dsid_610d2c74a60441e886fcc39e351a4176|dsid_86b915e7a2a3492c82224174383cd9f9|dsid_377cdf4e378f40bebd7196e3a0ff1c38,1,182,1,555,1,1044,1,2039,1,5029,1,564,1,882,1,1348,1,2316,1,5269,1,1052,1,1331,1,1767,1,2718,1,5645,1,2041,1,2272,1,2678,1,3589,1,6456,1,5018,1,5175,1,5520,1,6344,1,9068
qst_0343,project_related,github|jira|slack,dsid_85ee9562e05d457b9e32785343777359|dsid_ae2e969d0b924ebbb19ab2f5d1b95125|dsid_fee94d81c032494cbfce8094468f0973,1,166,1,555,1,1050,1,2047,1,5034,1,550,1,918,1,1397,1,2379,1,5328,1,1043,1,1386,1,1851,1,2812,1,5724,1,2032,1,2354,1,2797,1,3723,1,6557,1,5025,1,5310,1,5713,1,6564,1,9248
qst_0344,project_related,confluence|github|jira,dsid_e33c122264214846a8b7df7701d31482|dsid_409618a3958944f9b78362ed7e01bb33|dsid_a5a5235d973e421c870e11ceea4887ed|dsid_4b2ac6984bdf4737a18520e158b04453,1,193,1,579,1,1075,1,2067,1,5062,1,580,1,944,1,1423,1,2398,1,5356,1,1073,1,1423,1,1895,1,2845,1,5752,1,2064,1,2394,1,2849,1,3774,1,6609,1,5046,1,5345,1,5764,1,6633,1,9321
qst_0345,project_related,confluence|gmail,dsid_a9a67d815b07451e90ed8c3d1734d007|dsid_98d7acbda29a4260a413c8d6da7207a3,1,198,1,593,1,1082,1,2069,1,5047,1,590,1,960,1,1431,1,2378,1,5277,1,1080,1,1421,1,1868,1,2782,1,5611,1,2071,1,2361,1,2773,1,3631,1,6312,1,5046,1,5253,1,5570,1,6296,1,8668
qst_0346,project_related,github|gmail|jira,dsid_0c504258cd0c432d898e6711fb90eaf6|dsid_5cd60d30f77441c082187f1a47547637|dsid_6a29c54058c041cf8db781f195e6b1cc,1,196,1,574,1,1065,1,2056,1,5050,1,588,1,929,1,1399,1,2371,1,5333,1,1081,1,1400,1,1849,1,2809,1,5736,1,2074,1,2378,1,2806,1,3738,1,6613,1,5066,1,5325,1,5717,1,6575,1,9350
qst_0347,project_related,github|jira,dsid_dab17ee5c3924a9998b17b3591bbae28|dsid_b8691ba2e29542838afae93928ad816a,1,193,1,578,1,1058,1,2033,1,5015,1,569,1,892,1,1318,1,2221,1,5111,1,1055,1,1330,1,1696,1,2520,1,5297,1,2029,1,2240,1,2528,1,3196,1,5784,1,5017,1,5134,1,5318,1,5783,1,7906
qst_0348,project_related,confluence|github|jira,dsid_ca42a8f18d784c879c5a6fcfe3a484c0|dsid_6e528fa402c34043897649be6aa6df3d|dsid_960a2981de674ebf844f7dc19d2e3cc0|dsid_d32eb5051b554e038222c3bf399acef8,1,193,1,584,1,1070,1,2058,1,5045,1,582,1,949,1,1408,1,2368,1,5285,1,1077,1,1425,1,1869,1,2795,1,5638,1,2060,1,2387,1,2803,1,3683,1,6423,1,5041,1,5317,1,5686,1,6482,1,8973
qst_0349,project_related,github|jira,dsid_fe7a496e795b4baca997e655f9316fc5|dsid_44cf2d75d70d4365914aa46947a94b1d|dsid_21d6b99dc771418287d61444f373852e,1,194,1,590,1,1083,1,2069,1,5053,1,590,1,972,1,1452,1,2419,1,5369,1,1087,1,1459,1,1929,1,2877,1,5791,1,2086,1,2451,1,2908,1,3829,1,6666,1,5080,1,5426,1,5852,1,6716,1,9382
qst_0350,project_related,github|google_drive|jira,dsid_f3e6edec6f4947a5bd5aa7fd557d7d2b|dsid_939eea1a52f84393b0f87492b9aba8c2|dsid_95c7aa5238f94570a8e0a8684736b666,1,180,1,564,1,1055,1,2041,1,5026,1,562,1,920,1,1391,1,2355,1,5300,1,1056,1,1394,1,1845,1,2787,1,5691,1,2046,1,2357,1,2776,1,3685,1,6486,1,5035,1,5292,1,5670,1,6486,1,9053
qst_0351,project_related,confluence|jira|slack,dsid_150b485e7fd54251b937ab3d08a850dc|dsid_8ae540be8e4c458ca15e122040ea2418|dsid_8c24fd15fe5b473eb71341751d292b6e|dsid_94f568e4161d4d78b0db60af2b611746,1,193,1,586,1,1085,1,2077,1,5064,1,589,1,971,1,1455,1,2429,1,5376,1,1085,1,1457,1,1931,1,2886,1,5800,1,2082,1,2439,1,2896,1,3825,1,6694,1,5074,1,5402,1,5832,1,6715,1,9476
qst_0352,project_related,jira|slack,dsid_85ee9562e05d457b9e32785343777359|dsid_ae2e969d0b924ebbb19ab2f5d1b95125,1,173,1,569,1,1063,1,2054,1,5043,1,553,1,924,1,1403,1,2363,1,5307,1,1044,1,1388,1,1842,1,2782,1,5690,1,2037,1,2346,1,2763,1,3669,1,6502,1,5021,1,5275,1,5651,1,6489,1,9144
qst_0353,project_related,confluence,dsid_a3f94972391244f38ef773c05926af83|dsid_58bdb9f3bb4241e089f4f2b102765db4,1,183,1,573,1,1066,1,2055,1,5039,1,565,1,918,1,1384,1,2340,1,5279,1,1056,1,1389,1,1846,1,2785,1,5688,1,2051,1,2367,1,2801,1,3710,1,6556,1,5039,1,5319,1,5727,1,6584,1,9296
qst_0354,project_related,confluence|github|google_drive|jira,dsid_37befab212ae4ed9be7ebe612d942658|dsid_602422b841b94f5c8089555015df0ed8|dsid_d04dea2d736445c3af6934b900a12ef9|dsid_c52c609c0cdf4211a7e8c57bb1da72e4|dsid_dc8da53aae4c4a81be13ae8e519cd42d|dsid_4587f467ecf646b7926dbd6b886f9f23|dsid_38e7aac0d2ed4545b7a92c2c441825a1|dsid_2f1f0358b85148f19d38f619891bfb15,1,184,1,565,1,1048,1,2031,1,5013,1,555,1,879,1,1317,1,2228,1,5118,1,1043,1,1307,1,1705,1,2557,1,5333,1,2033,1,2241,1,2560,1,3294,1,5866,1,5022,1,5143,1,5364,1,5890,1,8022
qst_0355,project_related,confluence|gmail|slack,dsid_6fc6a90cd2d044e5add05493803e64d1|dsid_b8f2f50607a0406f9733f2e9ba4281c8|dsid_08585f025bd74d50bafd23843caae7bb,1,191,1,571,1,1058,1,2041,1,5021,1,585,1,926,1,1369,1,2299,1,5164,1,1075,1,1371,1,1776,1,2644,1,5386,1,2060,1,2301,1,2661,1,3435,1,5964,1,5041,1,5216,1,5494,1,6075,1,8161
qst_0356,project_related,confluence|gmail|jira,dsid_863d0cda2c984154baad1973513ed3da|dsid_5217b3a64c4a433c89ba2a3186dea82a|dsid_8e77536c5e0f4521b756d7b79b640e24|dsid_020bac2fb6ac4de28d5afb63e39a0c10,1,198,1,594,1,1091,1,2082,1,5074,1,591,1,977,1,1465,1,2446,1,5400,1,1083,1,1459,1,1933,1,2895,1,5814,1,2074,1,2427,1,2879,1,3819,1,6665,1,5057,1,5358,1,5770,1,6623,1,9297
qst_0357,project_related,confluence|slack,dsid_4a1ec9242b1745ec96f51861a127e53d|dsid_96151fd86fcd4aef83e13a706768dd11|dsid_dbd29f9393f149fbb696c9a5614dc875,1,166,1,519,1,1004,1,2001,1,5000,1,529,1,754,1,1173,1,2102,1,5020,1,1016,1,1178,1,1518,1,2331,1,5107,1,2006,1,2112,1,2359,1,2994,1,5399,1,5000,1,5027,1,5119,1,5427,1,7017
qst_0358,project_related,confluence,dsid_330be20dd4224d8dad24eb633121ba06|dsid_c70d63e14aa84195aec43820c018f8b9|dsid_f952b60df24d4736b831a643993aee67|dsid_858fd59a63d64f5e81a2b8482ba64dbf,1,198,1,593,1,1089,1,2085,1,5077,1,591,1,981,1,1470,1,2456,1,5411,1,1088,1,1470,1,1958,1,2932,1,5864,1,2083,1,2451,1,2927,1,3884,1,6765,1,5073,1,5421,1,5871,1,6780,1,9566
qst_0359,project_related,confluence|github|jira|linear,dsid_617d538c79334f4b9ddfd5c50c05ee4b|dsid_ae455bffe226412c9973991ef2d34a72|dsid_d67b4ea2d8834799ae617b1ccddf1f6e|dsid_2d0330be987e4163bfd9c42c69bc1e40|dsid_5b0c65ca162a43a0938bebabe9b1d53f|dsid_0bebeaedbe794ec38ae1d6f4ddd5c2b6,1,186,1,569,1,1064,1,2059,1,5046,1,572,1,938,1,1414,1,2373,1,5324,1,1064,1,1409,1,1864,1,2804,1,5709,1,2056,1,2377,1,2809,1,3711,1,6525,1,5045,1,5319,1,5700,1,6507,1,9131
qst_0360,project_related,linear|slack,dsid_3e7cf5be42d84f2880858c726b65998f|dsid_73b60918db2b467c88af9d57635402a4,1,186,1,584,1,1083,1,2082,1,5079,1,578,1,971,1,1465,1,2457,1,5436,1,1072,1,1461,1,1950,1,2938,1,5900,1,2067,1,2446,1,2928,1,3897,1,6825,1,5058,1,5416,1,5872,1,6812,1,9651
qst_0361,project_related,confluence|jira,dsid_b885123ef2c04d508ee071328a4e5aa7|dsid_d9d0ca701cc54d58adae135f69cc83d7|dsid_19b05c958acb478a90cab25257366a29,1,180,1,556,1,1044,1,2030,1,5021,1,567,1,901,1,1356,1,2307,1,5207,1,1055,1,1359,1,1777,1,2689,1,5505,1,2043,1,2307,1,2671,1,3522,1,6207,1,5028,1,5231,1,5522,1,6249,1,8639
qst_0362,project_related,confluence|github|gmail|jira|slack,dsid_0a23e8e094d5445b8a1af748598300ca|dsid_bced6413bb6f414a882fb9cbaf8c7448|dsid_89d75953da0c4bc186eb95fe169de462|dsid_3eb3b5da0ee540839a98c48f54fd1d5f|dsid_81744edbad5543b98dd551f883ac6772|dsid_c8e1d531048848c58247e00983096499|dsid_30b76ac074c841ef9afcb34c178c40d7|dsid_64212a1689814ac19deff834ce203ebd|dsid_a4bf9cb21b004bc9b12b8905c66896a4,1,176,1,542,1,1017,1,2010,1,5003,1,537,1,795,1,1178,1,2121,1,5069,1,1020,1,1198,1,1490,1,2366,1,5245,1,2008,1,2099,1,2304,1,3053,1,5737,1,5001,1,5034,1,5134,1,5657,1,7872
qst_0363,project_related,confluence|github|jira,dsid_9a2f440e8f7e4801b76233767fcef945|dsid_b993fa19b3d44382b709e3107ab1ba77|dsid_d9702f193090461480911352de3d4e49|dsid_44b11e967a5f4029aebb720891f66450|dsid_2bb0a4d1958848b0939ed64cc2b911ff|dsid_4c0d5d098d224e7495667823169b521e,1,186,1,573,1,1063,1,2056,1,5044,1,573,1,942,1,1404,1,2362,1,5273,1,1064,1,1403,1,1833,1,2760,1,5589,1,2053,1,2361,1,2753,1,3609,1,6267,1,5038,1,5277,1,5593,1,6298,1,8553
qst_0364,project_related,google_drive|jira,dsid_5147667611a54584aa272d1469d8f6a7|dsid_23c10bc09bb345d987d7464224247263|dsid_5efc026a36144721a82af3dfb2dcdea8,1,168,1,545,1,1040,1,2034,1,5026,1,554,1,883,1,1357,1,2308,1,5257,1,1043,1,1355,1,1789,1,2699,1,5583,1,2036,1,2308,1,2707,1,3559,1,6350,1,5025,1,5228,1,5565,1,6318,1,8883
qst_0365,project_related,confluence|github|google_drive|linear|slack,dsid_b01c12d7b75240c6a712313d764bd8a7|dsid_e5a26c404092453ab2ce88abc76d2ebf|dsid_db9c549c8c1740778e29b4351689b9c5|dsid_4b145e62988d40bab07d2bc3e66206a0|dsid_b78080193f474c3b99811541b7be74d3|dsid_4680a1c924c24f0b9369809e0038ea31|dsid_99c13a4a518442b1819aa5cf02a52f3f|dsid_105c8412280b4fe9abddec455c092216|dsid_9291e4abdec54e108c37f0c0918f5972,1,200,1,599,1,1099,1,2098,1,5095,1,600,1,998,1,1497,1,2495,1,5485,1,1098,1,1495,1,1992,1,2986,1,5966,1,2095,1,2490,1,2986,1,3975,1,6940,1,5094,1,5487,1,5976,1,6957,1,9883
qst_0366,project_related,confluence|github|jira|linear|slack,dsid_8590bba128564aa7a60be6067b6be779|dsid_6574ec5483bb44d39fca9eb57d75d0af|dsid_77d70426ff9545c191fa5e64f4a398b2|dsid_6ff09cf76a40402f933dae499a528307|dsid_2aa88546569b4fc6a1a5eee4a97ffda9|dsid_e81281549cba44a9ba83dafe47c61937|dsid_faca41898b0d4aa28b811a890d3e94df|dsid_a195d5d938574d9db61438653a5f652d|dsid_740a2ab43b2d41e690c2cfe88d2a7567,1,184,1,566,1,1057,1,2045,1,5023,1,563,1,895,1,1346,1,2285,1,5178,1,1047,1,1349,1,1775,1,2667,1,5476,1,2039,1,2292,1,2668,1,3491,1,6136,1,5019,1,5201,1,5493,1,6169,1,8492
qst_0367,project_related,confluence|gmail|jira|slack,dsid_b632b2d6f86f41c6820e52ae56549a35|dsid_2dc6ac1e1db14588913165002c062961|dsid_0b129c86cc6240b088a137d6634eef25|dsid_85ade33e53334639be778b9c7aabe637|dsid_d11b935761d94f10911c358aba04f4df|dsid_8d97d64cfcb14cd3b13589b86b0a0c02|dsid_51895b7e9f2942898291b66b72886b15|dsid_b64f6bb160574675932dacbbfaa59965|dsid_d8f3577836ad4646a404dc043115156d,1,161,1,540,1,1034,1,2027,1,5019,1,539,1,872,1,1336,1,2296,1,5225,1,1028,1,1335,1,1771,1,2707,1,5562,1,2020,1,2281,1,2679,1,3559,1,6293,1,5009,1,5213,1,5533,1,6306,1,8777
qst_0368,project_related,github|jira,dsid_abfb68dde21f4fd2aa7d70c472447f89|dsid_0f9c8d82259c4d5a95bc5865fc492919,1,184,1,582,1,1078,1,2074,1,5064,1,578,1,962,1,1451,1,2430,1,5377,1,1072,1,1447,1,1917,1,2873,1,5769,1,2060,1,2409,1,2853,1,3774,1,6576,1,5043,1,5340,1,5739,1,6549,1,9106
qst_0369,project_related,confluence|github|google_drive|jira,dsid_e7d8c585e8594fe481975515246d04f2|dsid_a560a94faf9c40ec9782d125d94fc009|dsid_9762ad5c4f7b45e3af5dda76b48752e4|dsid_5776ac1f724b4f72a084d3e796f0af4a|dsid_6e790a04abe54ce9a92877679790f915|dsid_12c56622cee749969076c8dbac19da4d,1,180,1,567,1,1055,1,2052,1,5033,1,567,1,918,1,1386,1,2355,1,5286,1,1059,1,1396,1,1844,1,2782,1,5659,1,2056,1,2359,1,2780,1,3673,1,6453,1,5043,1,5305,1,5678,1,6479,1,8998
qst_0370,project_related,confluence|jira|slack,dsid_8c24fd15fe5b473eb71341751d292b6e|dsid_150b485e7fd54251b937ab3d08a850dc|dsid_8ae540be8e4c458ca15e122040ea2418|dsid_94f568e4161d4d78b0db60af2b611746|dsid_6a8476f19fee43b3af984d2bd790453f,1,195,1,595,1,1095,1,2095,1,5091,1,591,1,990,1,1490,1,2484,1,5466,1,1090,1,1489,1,1987,1,2974,1,5944,1,2081,1,2474,1,2963,1,3942,1,6882,1,5074,1,5446,1,5920,1,6868,1,9708
qst_0371,project_related,confluence|slack,dsid_3ad691e18be849d897506f5276c24a75|dsid_fc356e32e9a64c3199be174cb91432eb|dsid_a1d8ea3adc68431ebd90cc40a51b5627,1,177,1,535,1,1017,1,2001,1,5000,1,536,1,776,1,1188,1,2095,1,5036,1,1017,1,1170,1,1510,1,2306,1,5146,1,2003,1,2084,1,2316,1,2939,1,5486,1,5002,1,5031,1,5130,1,5500,1,7397
qst_0372,project_related,confluence|github|jira,dsid_617d538c79334f4b9ddfd5c50c05ee4b|dsid_ae455bffe226412c9973991ef2d34a72|dsid_5b0c65ca162a43a0938bebabe9b1d53f|dsid_0bebeaedbe794ec38ae1d6f4ddd5c2b6,1,180,1,575,1,1069,1,2059,1,5044,1,572,1,947,1,1421,1,2392,1,5312,1,1062,1,1423,1,1884,1,2838,1,5692,1,2060,1,2406,1,2837,1,3751,1,6508,1,5045,1,5356,1,5741,1,6575,1,9144
qst_0373,project_related,confluence|linear,dsid_16996cd96c1c4fa1ab399cbc446b186f|dsid_5324918997644ea090703e088b166214|dsid_5217b3a64c4a433c89ba2a3186dea82a,1,175,1,572,1,1071,1,2067,1,5064,1,562,1,950,1,1448,1,2439,1,5416,1,1059,1,1440,1,1927,1,2910,1,5865,1,2052,1,2423,1,2896,1,3857,1,6775,1,5042,1,5377,1,5815,1,6727,1,9557
qst_0374,project_related,confluence|linear|slack,dsid_30b0460f0ef74192b50be29ea518aef1|dsid_cf2557c60954460bb002ad1f17ad4369|dsid_c67e1098ee1e4d438a041539a79bfc15,1,195,1,592,1,1090,1,2090,1,5084,1,591,1,985,1,1472,1,2463,1,5436,1,1091,1,1480,1,1964,1,2947,1,5897,1,2083,1,2465,1,2944,1,3907,1,6815,1,5075,1,5437,1,5892,1,6808,1,9614
qst_0375,project_related,confluence|github|jira,dsid_e5b1e464966a48bf9406e6e7197fee0d|dsid_b5a4ac6f13d545b6b085fb74e971ff27|dsid_a6efecc786c9436499eb000b8489ae52|dsid_ab988030fc0c4544846f0e1f667453a3,1,177,1,561,1,1054,1,2047,1,5035,1,553,1,915,1,1395,1,2368,1,5318,1,1047,1,1400,1,1869,1,2822,1,5745,1,2045,1,2375,1,2824,1,3752,1,6618,1,5033,1,5329,1,5750,1,6625,1,9349
qst_0376,project_related,confluence|jira,dsid_9a2f440e8f7e4801b76233767fcef945|dsid_44b11e967a5f4029aebb720891f66450|dsid_896272184a6845a19d9bd1a0a4e3e671,1,194,1,593,1,1089,1,2084,1,5071,1,588,1,978,1,1458,1,2439,1,5368,1,1082,1,1450,1,1913,1,2868,1,5740,1,2072,1,2421,1,2864,1,3769,1,6531,1,5058,1,5356,1,5751,1,6545,1,8992
qst_0377,project_related,confluence|google_drive|jira|linear|slack,dsid_1d6255db99894b2794c36318f654f085|dsid_052d0c27569145c5896b910eb6f3c063|dsid_4ecb42b192a1421885f6fbe8a7cbde8b|dsid_1878e91704a24813a12f69b40444f168|dsid_b9c347b4608541aabe8b7d2f7f90339e|dsid_adaebcf9535f47b5903bbaa5e48fd0e6,1,187,1,580,1,1076,1,2066,1,5053,1,575,1,952,1,1440,1,2407,1,5360,1,1069,1,1426,1,1909,1,2858,1,5777,1,2061,1,2400,1,2869,1,3792,1,6671,1,5049,1,5349,1,5796,1,6672,1,9437
qst_0378,project_related,confluence|github|google_drive|jira,dsid_2c8a0d14578d4789ae96d9f993d04ae1|dsid_425340806ab84e2cb48e99e95bac36e1|dsid_7a516d063b50468fa0d1a543ece71e1b|dsid_fef1f9ccfa934c0a8d96f4b64595d942,1,166,1,564,1,1061,1,2059,1,5058,1,554,1,941,1,1433,1,2423,1,5401,1,1050,1,1428,1,1913,1,2896,1,5857,1,2049,1,2416,1,2891,1,3862,1,6789,1,5040,1,5389,1,5839,1,6780,1,9645
qst_0379,project_related,confluence|jira|linear,dsid_5094ef74d2e249919de1aa6db7c5d0e7|dsid_cd46e89bb40a4dd7b243aabf43c98086|dsid_7f6bde5cefa543a7b1943ffaf5a8a9f1|dsid_acd1d77ed9044f3691d06a9ccc6bf417|dsid_c5848fca4e1c4cc48164aa3e53e5741b|dsid_d64cf51ff0db444c92d57cf1a5981b75|dsid_a2d5f7ee89c14d4ab02e82aa94f22c18|dsid_57a712a7419d4e84bccfcf08c8c010a5,1,163,1,537,1,1026,1,2013,1,5004,1,533,1,826,1,1261,1,2192,1,5122,1,1023,1,1278,1,1667,1,2537,1,5389,1,2017,1,2217,1,2560,1,3354,1,6090,1,5013,1,5164,1,5444,1,6137,1,8674
qst_0380,project_related,jira|linear,dsid_3e7cf5be42d84f2880858c726b65998f|dsid_be8d2802cf3245088a7e7f861f317b31,1,185,1,582,1,1076,1,2070,1,5061,1,577,1,965,1,1449,1,2426,1,5385,1,1070,1,1453,1,1930,1,2898,1,5812,1,2062,1,2435,1,2901,1,3850,1,6710,1,5049,1,5392,1,5834,1,6741,1,9486
qst_0381,constrained,confluence,dsid_d844cc30147b49c69ea5275b4993b571|dsid_865449ae95b044768f33773263bfeaad,1,190,1,579,1,1066,1,2059,1,5037,1,574,1,929,1,1392,1,2353,1,5269,1,1066,1,1397,1,1839,1,2775,1,5629,1,2055,1,2351,1,2749,1,3627,1,6377,1,5037,1,5266,1,5599,1,6365,1,8886
qst_0382,constrained,confluence,dsid_7d347905549f4456b0d2226b47e4aa68,1,195,1,582,1,1075,1,2068,1,5055,1,577,1,940,1,1407,1,2372,1,5307,1,1062,1,1397,1,1845,1,2770,1,5639,1,2049,1,2347,1,2771,1,3642,1,6404,1,5031,1,5271,1,5642,1,6398,1,8942
qst_0383,constrained,jira,dsid_3fb8a400e0cf42d0b19dc134e2b7f46c,1,169,1,535,1,1019,1,2009,1,5001,1,539,1,818,1,1247,1,2157,1,5049,1,1029,1,1263,1,1632,1,2436,1,5156,1,2017,1,2186,1,2472,1,3133,1,5561,1,5005,1,5080,1,5239,1,5682,1,7653
qst_0384,constrained,confluence,dsid_f877499fe0e946199ceb2486f0ad5ec3|dsid_f8b651a683044ad8964f34f881c63152,1,173,1,564,1,1054,1,2047,1,5039,1,561,1,931,1,1401,1,2372,1,5322,1,1049,1,1403,1,1860,1,2810,1,5716,1,2041,1,2368,1,2794,1,3713,1,6546,1,5028,1,5288,1,5661,1,6490,1,9116
qst_0385,constrained,confluence|slack,dsid_58bdb9f3bb4241e089f4f2b102765db4|dsid_e34b1f14719d45d98b175cb1351fb540,1,194,1,589,1,1087,1,2081,1,5072,1,587,1,973,1,1466,1,2448,1,5418,1,1084,1,1461,1,1949,1,2914,1,5857,1,2080,1,2440,1,2927,1,3875,1,6771,1,5072,1,5406,1,5867,1,6772,1,9536
qst_0386,constrained,confluence,dsid_5e65a1cb22b6464e9f36d0fa2d1f4317,1,195,1,584,1,1076,1,2065,1,5042,1,580,1,937,1,1410,1,2361,1,5254,1,1070,1,1404,1,1851,1,2767,1,5566,1,2058,1,2353,1,2748,1,3594,1,6213,1,5042,1,5257,1,5558,1,6241,1,8487
qst_0387,constrained,jira,dsid_f70e8011de994a9d956fca708445fb5e,1,177,1,550,1,1036,1,2025,1,5010,1,557,1,863,1,1299,1,2245,1,5153,1,1039,1,1293,1,1685,1,2587,1,5401,1,2026,1,2229,1,2564,1,3384,1,6053,1,5013,1,5135,1,5362,1,6043,1,8382
qst_0388,constrained,jira,dsid_8c15ff526e00491e9ccbde5ef4a4458c,1,177,1,541,1,1023,1,2005,1,5000,1,536,1,793,1,1195,1,2081,1,5012,1,1016,1,1192,1,1505,1,2269,1,5071,1,2007,1,2099,1,2278,1,2829,1,5323,1,5001,1,5025,1,5100,1,5345,1,7078
qst_0389,constrained,jira,dsid_1d53445cc74b4d7db325cd585736f87f,1,195,1,567,1,1049,1,2042,1,5030,1,583,1,909,1,1372,1,2308,1,5242,1,1076,1,1378,1,1823,1,2733,1,5615,1,2065,1,2330,1,2742,1,3612,1,6414,1,5057,1,5278,1,5628,1,6411,1,9038
qst_0390,constrained,confluence|jira,dsid_6bd66c03cd3242a99006b44429dd0a8e|dsid_2fda4174a0324c149fe70b1ee84e1fc8,1,194,1,582,1,1072,1,2054,1,5031,1,580,1,932,1,1377,1,2290,1,5195,1,1067,1,1387,1,1810,1,2670,1,5465,1,2055,1,2322,1,2684,1,3461,1,6088,1,5031,1,5221,1,5496,1,6102,1,8331
qst_0391,constrained,google_drive,dsid_0b0595a6d39247ada6238d8311b587f8,1,180,1,556,1,1042,1,2028,1,5019,1,557,1,867,1,1302,1,2225,1,5128,1,1042,1,1310,1,1697,1,2557,1,5351,1,2024,1,2212,1,2528,1,3251,1,5846,1,5009,1,5108,1,5297,1,5796,1,7883
qst_0392,constrained,jira,dsid_7fd136dd100c4c9cbbe1958c94c26152,1,161,1,528,1,1016,1,2013,1,5007,1,539,1,844,1,1292,1,2250,1,5164,1,1035,1,1311,1,1736,1,2652,1,5498,1,2029,1,2261,1,2647,1,3502,1,6246,1,5021,1,5207,1,5533,1,6279,1,8723
qst_0393,constrained,confluence|jira,dsid_4b15b253ca294377a12d12651ada2168|dsid_90218d9a9af84072bcf3ff7bb90b5fa1,1,180,1,542,1,1024,1,2012,1,5001,1,533,1,790,1,1196,1,2120,1,5068,1,1016,1,1170,1,1501,1,2355,1,5227,1,2002,1,2073,1,2310,1,3063,1,5784,1,5000,1,5036,1,5189,1,5779,1,8181
qst_0394,constrained,confluence,dsid_9a5968363fce4f79af38d7702465a121|dsid_7c08ef109c804c0bb165184b7d78b18c,1,178,1,555,1,1040,1,2026,1,5012,1,562,1,904,1,1340,1,2248,1,5164,1,1052,1,1368,1,1760,1,2599,1,5418,1,2044,1,2319,1,2653,1,3419,1,6091,1,5034,1,5251,1,5518,1,6138,1,8475
qst_0395,constrained,jira,dsid_5410b45665284cfcb01f72410fff33c4,1,173,1,553,1,1040,1,2028,1,5020,1,544,1,879,1,1335,1,2281,1,5208,1,1040,1,1347,1,1768,1,2672,1,5545,1,2033,1,2309,1,2698,1,3548,1,6317,1,5019,1,5244,1,5584,1,6323,1,8842
qst_0396,constrained,jira,dsid_f90b68cdda834c6fb4c76508d359c72f,1,197,1,584,1,1073,1,2061,1,5044,1,591,1,950,1,1424,1,2383,1,5310,1,1085,1,1427,1,1887,1,2825,1,5715,1,2079,1,2400,1,2840,1,3744,1,6574,1,5069,1,5362,1,5772,1,6595,1,9269
qst_0397,constrained,confluence,dsid_d3edd63b9ec54523ad12bd9be3d7e996|dsid_6d3e0fd1c48b466e9f5a4a5b0a1127a0,1,181,1,563,1,1055,1,2037,1,5020,1,564,1,908,1,1365,1,2303,1,5212,1,1054,1,1365,1,1803,1,2688,1,5497,1,2037,1,2296,1,2697,1,3506,1,6148,1,5023,1,5201,1,5508,1,6172,1,8462
qst_0398,constrained,jira,dsid_663ae6b555814a779d9abffba8339e84,1,192,1,578,1,1068,1,2050,1,5031,1,571,1,911,1,1350,1,2283,1,5201,1,1059,1,1358,1,1763,1,2649,1,5484,1,2039,1,2290,1,2652,1,3476,1,6187,1,5028,1,5205,1,5498,1,6198,1,8646
qst_0399,constrained,slack,dsid_4cfe0c490c974065bd497f06ad4a1105,1,161,1,543,1,1038,1,2030,1,5019,1,558,1,924,1,1400,1,2365,1,5312,1,1049,1,1400,1,1861,1,2806,1,5696,1,2040,1,2368,1,2804,1,3707,1,6520,1,5029,1,5299,1,5674,1,6505,1,9130
qst_0400,constrained,confluence,dsid_10a7359bb6ad4b959ad2171abdb9f620|dsid_b52a8760cae1451a9504edcf9ff58e31,1,189,1,574,1,1066,1,2058,1,5034,1,580,1,945,1,1423,1,2381,1,5300,1,1069,1,1420,1,1880,1,2806,1,5679,1,2062,1,2397,1,2833,1,3728,1,6542,1,5049,1,5356,1,5762,1,6610,1,9276
qst_0401,constrained,jira,dsid_f7dc91cc70e14c94a6215a13cd829cbf,1,188,1,574,1,1061,1,2049,1,5020,1,569,1,899,1,1345,1,2284,1,5181,1,1056,1,1350,1,1754,1,2628,1,5455,1,2039,1,2279,1,2620,1,3416,1,6100,1,5028,1,5186,1,5445,1,6097,1,8476
qst_0402,constrained,confluence|jira,dsid_fd73df34040d4e0f8f944ccc9f0b5e70|dsid_12299dbfb9084473856316ff3afcbf3b,1,172,1,553,1,1039,1,2033,1,5030,1,549,1,897,1,1367,1,2339,1,5313,1,1040,1,1372,1,1828,1,2785,1,5742,1,2035,1,2354,1,2789,1,3733,1,6655,1,5026,1,5312,1,5720,1,6619,1,9479
qst_0403,constrained,confluence|linear,dsid_a98ada14af2142a7a46266584d05c846|dsid_91d7f359508c4476a6f717ea2b33aecc,1,179,1,551,1,1032,1,2015,1,5000,1,555,1,840,1,1245,1,2142,1,5040,1,1042,1,1270,1,1614,1,2416,1,5154,1,2019,1,2170,1,2432,1,3085,1,5522,1,5004,1,5064,1,5220,1,5614,1,7440
qst_0404,constrained,confluence,dsid_ad70fa7335294e2988193e2a6645a5ba|dsid_8f0301d7b2414031b392da5566f98ce6,1,194,1,585,1,1077,1,2062,1,5041,1,582,1,942,1,1399,1,2338,1,5228,1,1066,1,1378,1,1805,1,2696,1,5505,1,2047,1,2311,1,2695,1,3526,1,6200,1,5023,1,5219,1,5538,1,6242,1,8609
qst_0405,constrained,confluence,dsid_b41df051e6dc46c48b36a99c366ee5c5|dsid_9964e71da61e4a92bf3f53699cabbf95,1,197,1,589,1,1084,1,2072,1,5062,1,582,1,956,1,1433,1,2397,1,5351,1,1074,1,1425,1,1885,1,2830,1,5740,1,2066,1,2397,1,2837,1,3748,1,6563,1,5050,1,5318,1,5704,1,6523,1,9115
qst_0406,constrained,confluence,dsid_3638bd02227d4882ad0605f1e8b767c0,1,193,1,586,1,1078,1,2066,1,5051,1,583,1,968,1,1447,1,2420,1,5373,1,1077,1,1449,1,1922,1,2882,1,5813,1,2070,1,2427,1,2887,1,3832,1,6728,1,5065,1,5402,1,5842,1,6762,1,9573
qst_0407,constrained,jira,dsid_f983fca1510e4cf492c0f39a4984d80c,1,141,1,514,1,1009,1,2005,1,5001,1,507,1,787,1,1230,1,2183,1,5100,1,1003,1,1233,1,1631,1,2514,1,5319,1,2000,1,2185,1,2514,1,3295,1,5899,1,5000,1,5126,1,5346,1,5948,1,8061
qst_0408,constrained,confluence,dsid_e190b0de0d27466fa91bfc18b0815311|dsid_53035d2eb5024effac3aafd3e6ca6e70,1,192,1,584,1,1080,1,2073,1,5069,1,584,1,962,1,1450,1,2433,1,5400,1,1081,1,1447,1,1929,1,2894,1,5830,1,2073,1,2423,1,2889,1,3835,1,6732,1,5066,1,5388,1,5828,1,6716,1,9478
qst_0409,constrained,linear,dsid_7159e8c7b7a84c45aa51b71fdfc837fc,1,151,1,539,1,1033,1,2030,1,5020,1,534,1,897,1,1373,1,2339,1,5273,1,1027,1,1364,1,1824,1,2770,1,5635,1,2025,1,2340,1,2765,1,3660,1,6417,1,5017,1,5278,1,5649,1,6438,1,8914
qst_0410,constrained,slack,dsid_ab50b630b14e4bfda87847286157b739,1,174,1,552,1,1039,1,2028,1,5015,1,560,1,882,1,1328,1,2260,1,5170,1,1050,1,1327,1,1740,1,2617,1,5415,1,2044,1,2283,1,2653,1,3453,1,6081,1,5030,1,5216,1,5515,1,6180,1,8455
qst_0411,conflicting_info,google_drive|jira,dsid_5f3a672da4974781a5577b0f3d4993e9|dsid_8ffbd9fe82df457ca67d4fbc9ff1090c,1,194,1,588,1,1083,1,2079,1,5061,1,587,1,969,1,1450,1,2422,1,5342,1,1079,1,1447,1,1908,1,2853,1,5710,1,2071,1,2414,1,2843,1,3733,1,6500,1,5058,1,5353,1,5730,1,6525,1,9034
qst_0412,conflicting_info,confluence|google_drive,dsid_89c0c31e220c4777b15c3c6ff0eff61d|dsid_a2bf755670ad44e09b42c11e9d73e5d3,1,196,1,591,1,1089,1,2083,1,5065,1,589,1,973,1,1462,1,2437,1,5381,1,1084,1,1450,1,1926,1,2891,1,5786,1,2078,1,2415,1,2875,1,3805,1,6638,1,5057,1,5355,1,5773,1,6645,1,9321
qst_0413,conflicting_info,jira,dsid_6df52fdb96ae4edcb76464738bca3340|dsid_6df52fdb96ae4edcb76464738bca3340,1,198,1,597,1,1097,1,2097,1,5095,1,598,1,996,1,1493,1,2490,1,5483,1,1098,1,1493,1,1990,1,2983,1,5970,1,2098,1,2492,1,2988,1,3978,1,6951,1,5096,1,5484,1,5977,1,6951,1,9879
qst_0414,conflicting_info,gmail|jira,dsid_5611f05242ae4e6b9ae68d3c3e91bd54|dsid_0c1f1c83e8d44d2fa3a9f6c7b2d7b9f1,1,193,1,562,1,1047,1,2016,1,5002,1,571,1,890,1,1302,1,2186,1,5063,1,1059,1,1323,1,1669,1,2460,1,5192,1,2037,1,2231,1,2504,1,3153,1,5600,1,5018,1,5107,1,5245,1,5632,1,7373
qst_0415,conflicting_info,confluence|slack,dsid_1d487c52d79a44c2b40eb19a0db51122|dsid_05841423a55e4c35abd276d9899b7134,1,188,1,573,1,1066,1,2051,1,5039,1,581,1,947,1,1415,1,2362,1,5294,1,1077,1,1419,1,1862,1,2780,1,5664,1,2066,1,2368,1,2780,1,3654,1,6448,1,5049,1,5301,1,5661,1,6443,1,9029
qst_0416,conflicting_info,google_drive|hubspot,dsid_8ca703d991844bd195b4b8fdc16040fd|dsid_3c3ab5813b264367877e0d02f652ca32,1,190,1,568,1,1049,1,2036,1,5021,1,577,1,906,1,1323,1,2225,1,5125,1,1069,1,1359,1,1729,1,2555,1,5332,1,2056,1,2274,1,2554,1,3259,1,5849,1,5031,1,5153,1,5312,1,5827,1,7951
qst_0417,conflicting_info,confluence|fireflies,dsid_aa97b7293f9f4f3c8180f645e4fe5911|dsid_10a589a5ee9048d9a33deb4156037171,1,192,1,582,1,1076,1,2061,1,5046,1,576,1,937,1,1402,1,2356,1,5286,1,1069,1,1411,1,1863,1,2780,1,5649,1,2060,1,2364,1,2779,1,3650,1,6437,1,5040,1,5275,1,5617,1,6363,1,8927
qst_0418,conflicting_info,confluence|github,dsid_981f4a0281054f9aaaec7887156eebc4|dsid_b837e1140d1a4c3d8efd2f42d9b6a799,1,196,1,592,1,1088,1,2077,1,5062,1,590,1,973,1,1456,1,2429,1,5368,1,1088,1,1463,1,1938,1,2892,1,5785,1,2082,1,2437,1,2886,1,3809,1,6638,1,5074,1,5393,1,5803,1,6647,1,9316
qst_0419,conflicting_info,confluence|google_drive,dsid_db1c1f64721b468dafb35c2e0080a8f8|dsid_113f5cc6931640c3b82adcc07142d829,1,176,1,566,1,1059,1,2054,1,5042,1,557,1,931,1,1409,1,2383,1,5323,1,1042,1,1400,1,1868,1,2820,1,5717,1,2037,1,2370,1,2818,1,3728,1,6540,1,5030,1,5328,1,5745,1,6591,1,9240
qst_0420,conflicting_info,confluence|google_drive,dsid_4e65166659394a90922be6a5c7b110a8|dsid_7b2f4b37dfb642e19d78c5f9d2c43f16,1,198,1,595,1,1095,1,2089,1,5079,1,588,1,979,1,1471,1,2452,1,5403,1,1087,1,1465,1,1950,1,2919,1,5847,1,2083,1,2452,1,2922,1,3883,1,6764,1,5073,1,5423,1,5868,1,6786,1,9579
qst_0421,conflicting_info,confluence,dsid_b8ab9778e36543159da49dba3ad9c76d|dsid_9f2e6aa7f6c14b1db1c6f922a1d4b4d7,1,195,1,593,1,1090,1,2085,1,5069,1,586,1,965,1,1440,1,2416,1,5361,1,1077,1,1448,1,1908,1,2857,1,5771,1,2074,1,2428,1,2868,1,3796,1,6647,1,5066,1,5385,1,5784,1,6636,1,9320
qst_0422,conflicting_info,confluence|linear,dsid_9cde32cd0645459b80ec513df27d1eb6|dsid_8733ed2132dc4232b2797c1d9a167cb9,1,187,1,553,1,1040,1,2028,1,5013,1,567,1,887,1,1336,1,2269,1,5149,1,1060,1,1346,1,1749,1,2621,1,5386,1,2046,1,2265,1,2608,1,3392,1,5946,1,5021,1,5150,1,5393,1,5991,1,8112
qst_0423,conflicting_info,jira|linear,dsid_c5288dd4874345adb80f4a71c9a18773|dsid_03b2db544a6d4cf886fb9869058a05f2,1,193,1,576,1,1069,1,2050,1,5027,1,580,1,914,1,1385,1,2320,1,5217,1,1074,1,1388,1,1847,1,2750,1,5562,1,2070,1,2352,1,2776,1,3614,1,6284,1,5064,1,5294,1,5643,1,6330,1,8657
qst_0424,conflicting_info,confluence|linear,dsid_f039509796f842cd84ba3bfb895c7132|dsid_7f2a6f2d2de34f94a5b6f3d5d0d1f6a2,1,200,1,600,1,1100,1,2098,1,5095,1,598,1,995,1,1490,1,2486,1,5453,1,1098,1,1495,1,1988,1,2979,1,5933,1,2095,1,2486,1,2971,1,3949,1,6867,1,5091,1,5473,1,5934,1,6862,1,9667
qst_0425,conflicting_info,confluence|google_drive,dsid_834de01417d04878b4257f0f03ccbb88|dsid_2f9c99fc8ec74495b4b08c49a6083ba8,1,191,1,573,1,1060,1,2046,1,5024,1,572,1,916,1,1365,1,2287,1,5145,1,1061,1,1364,1,1778,1,2633,1,5369,1,2037,1,2283,1,2653,1,3415,1,5976,1,5024,1,5186,1,5475,1,6080,1,8223
qst_0426,conflicting_info,confluence|linear,dsid_c90bd544f3b5437fba711492db31aeea|dsid_553e1651575a416dae6b92d019d2f9f4,1,171,1,560,1,1051,1,2040,1,5019,1,544,1,882,1,1333,1,2261,1,5157,1,1036,1,1327,1,1739,1,2610,1,5411,1,2024,1,2249,1,2616,1,3406,1,6035,1,5013,1,5161,1,5434,1,6049,1,8269
qst_0427,conflicting_info,confluence|gmail,dsid_86f033ed92b84f3a8b381d09b0b95357|dsid_d93aed75845e4a0b8126a80d8a7a5a41,1,193,1,582,1,1072,1,2065,1,5049,1,584,1,951,1,1422,1,2384,1,5316,1,1074,1,1420,1,1869,1,2804,1,5685,1,2063,1,2386,1,2799,1,3689,1,6485,1,5049,1,5308,1,5665,1,6461,1,9054
qst_0428,conflicting_info,confluence|google_drive,dsid_1214ee9ab5e44de487c800f7a4771d7d|dsid_10559147d3014931898864f22c311e47,1,190,1,564,1,1052,1,2033,1,5016,1,567,1,876,1,1307,1,2233,1,5125,1,1047,1,1306,1,1694,1,2534,1,5308,1,2035,1,2236,1,2551,1,3270,1,5854,1,5016,1,5136,1,5356,1,5892,1,7995
qst_0429,conflicting_info,github|google_drive,dsid_96912c22b0b04024b573606105bd5ea0|dsid_8a085e12606b4ea79f43ee176cba2ccb,1,164,1,524,1,1008,1,2003,1,5003,1,519,1,726,1,1113,1,2078,1,5048,1,1003,1,1112,1,1417,1,2312,1,5196,1,2000,1,2058,1,2293,1,3098,1,5800,1,5000,1,5024,1,5179,1,5838,1,8207
qst_0430,conflicting_info,confluence|fireflies,dsid_3c9fe2220c204f13b878bd7d3a168f91|dsid_8f0b7a8c1dbb4df0b23f6c4e61c9f1a6,1,189,1,559,1,1040,1,2025,1,5010,1,570,1,876,1,1302,1,2226,1,5126,1,1058,1,1326,1,1715,1,2579,1,5364,1,2050,1,2283,1,2623,1,3412,1,6007,1,5034,1,5187,1,5436,1,6064,1,8274
qst_0431,completeness,confluence,dsid_f6e3b7ad413142019dbb5a5fed07f548|dsid_840703a1cc37438a84e9beb68029d80b,1,190,1,586,1,1080,1,2072,1,5057,1,580,1,960,1,1444,1,2411,1,5347,1,1073,1,1441,1,1910,1,2849,1,5726,1,2068,1,2418,1,2863,1,3762,1,6560,1,5049,1,5342,1,5744,1,6561,1,9159
qst_0432,completeness,confluence|gmail|jira|slack,dsid_a592f24d2f3b4c21ba507b20c832d069|dsid_5e87f57f0e424a3a9e79a3032d63eab8|dsid_a45bf5a85c7948dda06a42fc9f8b3ae3|dsid_34f267b98745435b8d95e883b29ded9d|dsid_c4afa7bd5d104c43b45567c799121342|dsid_91abfa2001d747b3b570e8abce00ef4d,1,192,1,585,1,1081,1,2073,1,5068,1,582,1,963,1,1446,1,2428,1,5400,1,1078,1,1446,1,1923,1,2892,1,5837,1,2067,1,2418,1,2876,1,3825,1,6732,1,5050,1,5355,1,5777,1,6667,1,9487
qst_0433,completeness,confluence,dsid_8c92178c254d467c9854db67aac7c9be|dsid_a898d2541b944cdebeec03ec9d9ba130|dsid_cf06e75be4f94156ac338f62e3ee028b|dsid_97b25b6f83c542e7b81d6504b5653dcb|dsid_3e991a24c7bc4e91b99eb5846b927558|dsid_74ebb73359364bc791707a92a3227e3a,1,186,1,573,1,1064,1,2060,1,5047,1,573,1,939,1,1411,1,2378,1,5317,1,1066,1,1423,1,1875,1,2812,1,5700,1,2057,1,2389,1,2816,1,3718,1,6526,1,5043,1,5328,1,5700,1,6538,1,9180
qst_0434,completeness,confluence|google_drive,dsid_1f781623f5c14b3686b1129d19b73884|dsid_8f6063b780784a139de5c4d5afa49eb2|dsid_d04ead3e1e2d4c9f9cd34c73dca30b5d|dsid_81f6e00a9f474941ab5c123a64b0b80e|dsid_3986d90d7a5348048d989c17fe8dfd83|dsid_9d923c50817b4989b96dad5c7ad7c8a8,1,192,1,589,1,1085,1,2080,1,5070,1,581,1,972,1,1456,1,2438,1,5401,1,1078,1,1459,1,1935,1,2902,1,5833,1,2070,1,2439,1,2905,1,3847,1,6724,1,5058,1,5393,1,5831,1,6734,1,9486
qst_0435,completeness,confluence,dsid_7fc490f8522b486c8f4b665d5189066c|dsid_a134a3fd3c244a52a8d3e1ff515fdf58|dsid_ce60931a1aea428b8186228ee40bb497|dsid_03e22d519f9b40a5ac61a03e5c4620d3|dsid_431b0713c42847bbac15f3354776db68|dsid_8116cb3e580543d7bde1c57df351a3f3,1,192,1,582,1,1074,1,2069,1,5055,1,585,1,963,1,1447,1,2428,1,5379,1,1081,1,1452,1,1936,1,2907,1,5833,1,2077,1,2443,1,2918,1,3882,1,6761,1,5069,1,5422,1,5882,1,6827,1,9631
qst_0436,completeness,github|jira|slack,dsid_a8af533a3f89402ca739bfdc5322b42e|dsid_3a5484e7e7164e389e76d188bce9f86e|dsid_1a160e1c00934f108e17183f44e3ca77|dsid_6f37b2b4341947028019bd41748eaff9|dsid_1f13ed74ef87494b81a2fc2617ab7746|dsid_1159814f66a340d79536516db194f623|dsid_c6efd46ecc6449ac8be1e53ed3803e92|dsid_8c707328a7fc444f84a8e00f90021866|dsid_98d534e949ce4fdd8ed5d651ec5ebe4b|dsid_65b12644ea52428b9c032d2cd9b75d8a,1,194,1,577,1,1073,1,2057,1,5030,1,582,1,920,1,1379,1,2314,1,5213,1,1068,1,1361,1,1787,1,2670,1,5482,1,2050,1,2287,1,2650,1,3451,1,6120,1,5021,1,5160,1,5416,1,6050,1,8408
qst_0437,completeness,confluence,dsid_15a9d93cc59c4241a97a7e72f749a216|dsid_0e0ac7276c864c63a02586fa07ae85e1|dsid_c0c93abadf4c438189e23cb45256c6e9|dsid_ac94dcaf2e1e4674b2351a8b4177db9e|dsid_98943148c00b42db859ec2d84649fe04|dsid_ed145ed8c9234a6681359188e2f43345|dsid_bd7caad8adb2405eaa7ad78c4ffb59d7|dsid_d373a0708d4144d684e495c52c16448a|dsid_ec406aef8d0342c78ae27025670daedf,0,196,0,587,0,1081,0,2079,0,5069,0,588,0,948,0,1420,0,2389,0,5337,0,1082,0,1423,0,1880,0,2826,0,5732,0,2064,0,2372,0,2799,0,3698,0,6513,0,5052,0,5305,0,5685,0,6494,0,9133
qst_0438,completeness,confluence|google_drive|jira|slack,dsid_6ecddbbad4fa4fe985d855676b96cd91|dsid_ad148b222d31473f8a3d279d679935eb|dsid_02f0cd8c874b431cbdec5455721ce8c1|dsid_bce6ec1b34a044d694dda5607a184d31|dsid_61ad31f35c0d487e8f56b59c833d5b55|dsid_23626a14ac9847f1b3349ad6e1909bd7|dsid_ada1b8ab101f4d3d91f8f42d98b3c693|dsid_88510552fc494d968943d4eab777e82a|dsid_695df5a2d3f645cdb6882332092cd838,1,193,1,585,1,1080,1,2071,1,5046,1,590,1,958,1,1429,1,2396,1,5311,1,1085,1,1434,1,1890,1,2833,1,5684,1,2077,1,2396,1,2829,1,3742,1,6523,1,5067,1,5349,1,5734,1,6576,1,9175
qst_0439,completeness,confluence,dsid_4e016427a93c49ffadd31fcdc1dca792|dsid_d3edd63b9ec54523ad12bd9be3d7e996|dsid_faf3246a6ce845e6b5df0ae52f439399|dsid_bf7e79dc1331447598c4eebdc5d2897d|dsid_a277ed2dc74c4bad82bc71b534b6356f,1,197,1,589,1,1088,1,2085,1,5077,1,595,1,978,1,1464,1,2446,1,5397,1,1084,1,1462,1,1937,1,2902,1,5812,1,2078,1,2437,1,2900,1,3843,1,6696,1,5077,1,5407,1,5832,1,6715,1,9407
qst_0440,completeness,confluence,dsid_385fd2388669469e87964b25d6428871|dsid_50f47a9662ea40858feb7bd975071c96|dsid_03042cec7a2344769bca5a624091092e|dsid_b96ce0f550a9437e902636a7628160ca|dsid_eba5d122d7244ffbb6c20a2487aa1017|dsid_dd0fe40a2c71489793d566e46e95bb93,1,193,1,585,1,1081,1,2069,1,5060,1,583,1,958,1,1443,1,2413,1,5353,1,1080,1,1433,1,1899,1,2834,1,5712,1,2068,1,2395,1,2826,1,3692,1,6451,1,5055,1,5311,1,5649,1,6354,1,8741
qst_0441,completeness,confluence,dsid_4bb945f3de9b4f6aa834d2941fae625f|dsid_89889daf6b89426ca90049f313d4324f|dsid_e2327ad35ceb466489dad854770739bf|dsid_871b6712caf44f8bbfea4d8a15e436b6|dsid_80e095c2dc1745af86b80d24e27a9857|dsid_7f6bde5cefa543a7b1943ffaf5a8a9f1,1,195,1,587,1,1083,1,2078,1,5063,1,587,1,950,1,1433,1,2410,1,5346,1,1079,1,1423,1,1890,1,2842,1,5744,1,2075,1,2402,1,2842,1,3756,1,6585,1,5061,1,5350,1,5747,1,6593,1,9231
qst_0442,completeness,confluence,dsid_319db001cae246bbbb16f441b64d9b82|dsid_eca097630e444b2d8e30da4b08fcbc4e|dsid_2ee4c1a35c5f4dba9b49efd3e97dd265|dsid_2db615f2f6f14cbfae67c62b3c976b27|dsid_914d75cb27ee4a06b3f69e445d715ab4|dsid_81a7e3e0204d4c6984e0a503d5423314|dsid_bf7e0df04c8748458b5515c864c48609|dsid_190d9732b59b411d8a6bcc59fd61b309,1,193,1,592,1,1091,1,2088,1,5081,1,590,1,983,1,1478,1,2470,1,5448,1,1089,1,1479,1,1971,1,2955,1,5913,1,2087,1,2472,1,2953,1,3928,1,6853,1,5084,1,5450,1,5915,1,6860,1,9697
qst_0443,completeness,fireflies|gmail|slack,dsid_3a052bc2335c4211923e8220c7f3c2fa|dsid_18b209d55ea04c16b687b468e4e5f2e6|dsid_9b826592387b47b29b25018823296577|dsid_a5cec1a368344e6fa3884ad47cd7d175|dsid_ccc31ea69f9d45e68b803d2a8c6c655f,1,189,1,580,1,1078,1,2076,1,5067,1,584,1,968,1,1452,1,2442,1,5409,1,1083,1,1461,1,1942,1,2921,1,5863,1,2078,1,2442,1,2906,1,3866,1,6778,1,5068,1,5415,1,5863,1,6786,1,9614
qst_0444,completeness,confluence,dsid_117e5a150aa94adc86295786bd6b7843|dsid_5cde26f232454906879617dab1800fae|dsid_92d0d471ddc941288bcb51b3ded6ec36|dsid_d8d194e311b9482cb38c61134b6d26fa|dsid_40471ba4cd3b430eab3ac0877eef0972|dsid_2ad75f27c36b492f847d5b9c63492e4b,1,182,1,552,1,1044,1,2033,1,5024,1,573,1,916,1,1382,1,2348,1,5298,1,1057,1,1381,1,1836,1,2784,1,5687,1,2046,1,2345,1,2781,1,3703,1,6547,1,5038,1,5301,1,5705,1,6575,1,9285
qst_0445,completeness,confluence,dsid_2b7848a8491749f8b9b9a8c13f78445f|dsid_cb0d800639e84d68ae035596c7f6f1f8|dsid_a54a2f8553804d34986f42a49907b9d0|dsid_e82eadf0700f4e6db8eecc460c4cac44|dsid_32c5e7ca0e2e4eadac78b01a35cfed7a|dsid_04e98bd61eac4ec89e3fc13c38de1b8e|dsid_2ce9ae40d5d347c1add2b31c4d5a8c3c|dsid_2dab968306594149a14ef27b2a1641d1,1,193,1,585,1,1081,1,2072,1,5052,1,585,1,960,1,1438,1,2408,1,5331,1,1084,1,1441,1,1902,1,2848,1,5725,1,2080,1,2410,1,2851,1,3749,1,6563,1,5072,1,5362,1,5760,1,6597,1,9263
qst_0446,completeness,confluence|fireflies|gmail|jira|slack,dsid_312eed72d5d04d27a52717f94e178341|dsid_f97baf7b89b34cac9fc2fcde251a2502|dsid_1507ad6f9a704d4fb86aac359ade8c51|dsid_e0cd6ae5755943258ef361ce2a1c0295|dsid_b43656ed184842b8a54c51137141d3cc,1,179,1,554,1,1043,1,2021,1,5013,1,554,1,867,1,1306,1,2210,1,5116,1,1048,1,1315,1,1713,1,2561,1,5349,1,2038,1,2255,1,2598,1,3374,1,5957,1,5029,1,5188,1,5457,1,6072,1,8314
qst_0447,completeness,confluence,dsid_452dc45d76754cbca8a3674170599633|dsid_e5fe3fd0cf444668a64970ec00818f46|dsid_ac2fdba09cc24cd98ba60f5da114780c|dsid_8c3d5e26a1c841199d3bcd7aea5d495e|dsid_6807c651b55546559733c7c6f8dc133d|dsid_5d509e588f994166a2ccc6e39cbf6cb5,1,187,1,577,1,1071,1,2066,1,5053,1,579,1,950,1,1434,1,2410,1,5358,1,1073,1,1433,1,1907,1,2868,1,5773,1,2067,1,2410,1,2875,1,3808,1,6664,1,5063,1,5377,1,5814,1,6687,1,9413
qst_0448,completeness,gmail|google_drive|jira|slack,dsid_e91e68b31a6f4935b87d6f74dd07e1f6|dsid_b793b06789ae4147884e94681c6beae1|dsid_6933f9241ef140da9d3bf98be52be867|dsid_b72bd7e0c91a4f8c9d9a13daf6ff3d28|dsid_84ec014ad9f14f1481b45484da41181a|dsid_67a8c3300752435296938175e9a1daf5|dsid_5f0ab47fe8de47a89bb6668f8722becf,1,193,1,588,1,1084,1,2076,1,5056,1,580,1,952,1,1424,1,2378,1,5266,1,1074,1,1423,1,1866,1,2770,1,5573,1,2061,1,2363,1,2759,1,3592,1,6239,1,5051,1,5284,1,5620,1,6334,1,8720
qst_0449,completeness,jira,dsid_8dff963a50774cdd84131d9ae5e4f4f3|dsid_5cf1a6657f1848968b2fd154066950ae|dsid_97992c0043184c7b9c10ed2106482ae1|dsid_e17e3ec88d4947bbb53c8190ccc90c54|dsid_19354d85a1d14a469274135ccb314a20|dsid_cc49c932507c42959ba9e4824f0d6b7f,1,200,1,600,1,1099,1,2097,1,5087,1,598,1,995,1,1490,1,2475,1,5442,1,1097,1,1488,1,1973,1,2949,1,5894,1,2097,1,2483,1,2954,1,3916,1,6815,1,5088,1,5459,1,5897,1,6798,1,9537
qst_0450,completeness,fireflies,dsid_c875ada2f9164277aa9500daa4753c68|dsid_3fa62946c32f47a489cf4aa2c4fc578b|dsid_51bac931bc704d7cb04438c33a2938da|dsid_85045318e1fd484b8a6ad5d724dd6e7c|dsid_5013219e53bb483cb9244fc16828d88c|dsid_7203cedfce0f4a149573d79592022d9f|dsid_3c9fe2220c204f13b878bd7d3a168f91|dsid_c637bbc9afd344e6aebde62826284a06,1,195,1,590,1,1085,1,2071,1,5051,1,583,1,960,1,1441,1,2396,1,5305,1,1074,1,1435,1,1904,1,2826,1,5655,1,2065,1,2385,1,2828,1,3685,1,6371,1,5037,1,5275,1,5660,1,6413,1,8796
qst_0451,miscellaneous,slack,dsid_c91a34ed8dcb44aeacf7713c5aab8dea,1,195,1,586,1,1085,1,2082,1,5079,1,590,1,970,1,1467,1,2459,1,5451,1,1088,1,1464,1,1957,1,2946,1,5929,1,2084,1,2456,1,2946,1,3933,1,6903,1,5067,1,5426,1,5905,1,6880,1,9813
qst_0452,miscellaneous,google_drive,dsid_6279854275e44cce9115af8286fdf38b,1,193,1,590,1,1087,1,2077,1,5071,1,592,1,977,1,1456,1,2427,1,5374,1,1080,1,1454,1,1921,1,2878,1,5790,1,2072,1,2415,1,2860,1,3787,1,6640,1,5054,1,5356,1,5753,1,6607,1,9302
qst_0453,miscellaneous,google_drive,dsid_a8a5eac6e7a243319426769963506277,1,196,1,588,1,1081,1,2071,1,5045,1,594,1,972,1,1452,1,2413,1,5335,1,1091,1,1459,1,1930,1,2878,1,5763,1,2085,1,2438,1,2890,1,3818,1,6650,1,5079,1,5399,1,5822,1,6704,1,9425
qst_0454,miscellaneous,jira,dsid_0fa69b4e576f417ab759af8e33cb049f,1,192,1,581,1,1073,1,2066,1,5059,1,585,1,953,1,1435,1,2413,1,5394,1,1081,1,1446,1,1912,1,2876,1,5841,1,2080,1,2429,1,2882,1,3829,1,6774,1,5074,1,5387,1,5827,1,6739,1,9610
qst_0455,miscellaneous,slack,dsid_a5503307a8bc45d1b2155968543598df,1,188,1,584,1,1082,1,2080,1,5079,1,583,1,972,1,1466,1,2453,1,5440,1,1079,1,1460,1,1949,1,2931,1,5901,1,2075,1,2442,1,2924,1,3893,1,6835,1,5066,1,5409,1,5866,1,6800,1,9697
qst_0456,miscellaneous,slack,dsid_2d829921c58b4e3db4be1d60fc0ceb3a,1,199,1,594,1,1091,1,2086,1,5073,1,597,1,976,1,1463,1,2437,1,5396,1,1091,1,1460,1,1944,1,2907,1,5848,1,2082,1,2432,1,2904,1,3855,1,6772,1,5058,1,5383,1,5836,1,6773,1,9655
qst_0457,miscellaneous,confluence,dsid_bb14e2f3925b4e27829c4f3c1aea3af1,1,197,1,591,1,1089,1,2083,1,5079,1,595,1,983,1,1473,1,2461,1,5444,1,1092,1,1473,1,1959,1,2942,1,5909,1,2090,1,2461,1,2944,1,3914,1,6848,1,5084,1,5445,1,5914,1,6858,1,9720
qst_0458,miscellaneous,confluence,dsid_8cb8070d41604b67901e60da07713d92,1,168,1,552,1,1045,1,2044,1,5038,1,556,1,916,1,1396,1,2390,1,5371,1,1052,1,1394,1,1865,1,2850,1,5820,1,2048,1,2375,1,2838,1,3808,1,6751,1,5047,1,5352,1,5798,1,6752,1,9642
qst_0459,miscellaneous,slack,dsid_bb6f267d73a64a1b947a524dd602daa0,1,174,1,572,1,1072,1,2071,1,5065,1,556,1,946,1,1444,1,2437,1,5415,1,1048,1,1429,1,1919,1,2898,1,5858,1,2042,1,2411,1,2892,1,3858,1,6791,1,5026,1,5374,1,5827,1,6758,1,9617
qst_0460,miscellaneous,fireflies,dsid_2c9dcc3afa3249f39c725884e5be5c72,1,193,1,584,1,1076,1,2069,1,5062,1,581,1,944,1,1405,1,2363,1,5318,1,1075,1,1408,1,1838,1,2754,1,5670,1,2062,1,2347,1,2728,1,3591,1,6423,1,5042,1,5245,1,5533,1,6267,1,8917
qst_0461,miscellaneous,google_drive,dsid_22b0987227cd4fdb94d67e5a62bbde40,1,182,1,559,1,1051,1,2044,1,5039,1,561,1,918,1,1403,1,2386,1,5363,1,1051,1,1390,1,1860,1,2830,1,5791,1,2046,1,2364,1,2825,1,3779,1,6699,1,5036,1,5327,1,5766,1,6695,1,9540
qst_0462,miscellaneous,jira,dsid_df79433aa56c489d93efd96e27dc1fc8,1,195,1,591,1,1091,1,2088,1,5081,1,594,1,987,1,1484,1,2478,1,5446,1,1091,1,1482,1,1978,1,2968,1,5916,1,2089,1,2473,1,2960,1,3936,1,6851,1,5087,1,5461,1,5933,1,6882,1,9700
qst_0463,miscellaneous,slack,dsid_d1d341864dcf4af9877d3dcd91e448bc,1,182,1,558,1,1041,1,2027,1,5021,1,563,1,899,1,1357,1,2313,1,5233,1,1061,1,1378,1,1810,1,2735,1,5593,1,2052,1,2348,1,2762,1,3650,1,6419,1,5036,1,5278,1,5643,1,6450,1,9042
qst_0464,miscellaneous,slack,dsid_199789e68ef741bca44a24d535ed6c00,1,173,1,542,1,1035,1,2031,1,5020,1,546,1,870,1,1325,1,2290,1,5245,1,1035,1,1334,1,1768,1,2716,1,5646,1,2030,1,2307,1,2725,1,3655,1,6560,1,5023,1,5278,1,5666,1,6567,1,9411
qst_0465,miscellaneous,slack,dsid_0714b09be5344489884cc5ee734e5f25,1,192,1,586,1,1084,1,2083,1,5082,1,589,1,979,1,1471,1,2467,1,5456,1,1087,1,1474,1,1965,1,2957,1,5935,1,2083,1,2463,1,2948,1,3927,1,6895,1,5079,1,5440,1,5904,1,6867,1,9781
qst_0466,miscellaneous,slack,dsid_70fffe7de6d545bcbbc47b448b17164d,1,189,1,587,1,1082,1,2066,1,5043,1,576,1,952,1,1433,1,2381,1,5265,1,1061,1,1417,1,1867,1,2779,1,5574,1,2051,1,2381,1,2800,1,3652,1,6310,1,5037,1,5328,1,5702,1,6451,1,8832
qst_0467,miscellaneous,github,dsid_514b8181941d47cb85e460c68e9d30a2,1,188,1,583,1,1078,1,2073,1,5067,1,582,1,963,1,1449,1,2428,1,5398,1,1076,1,1447,1,1925,1,2891,1,5825,1,2072,1,2422,1,2886,1,3829,1,6705,1,5064,1,5370,1,5794,1,6685,1,9399
qst_0468,miscellaneous,slack,dsid_3e0b3c67d6d647c185afb1c7633ac292,1,187,1,568,1,1057,1,2051,1,5048,1,581,1,946,1,1427,1,2412,1,5394,1,1078,1,1439,1,1914,1,2893,1,5862,1,2073,1,2426,1,2893,1,3860,1,6804,1,5067,1,5406,1,5857,1,6812,1,9727
qst_0469,miscellaneous,confluence,dsid_c1a652436b2e4c949f5de9f5da227cd7,1,197,1,595,1,1093,1,2091,1,5085,1,595,1,981,1,1469,1,2453,1,5425,1,1093,1,1473,1,1951,1,2921,1,5863,1,2086,1,2452,1,2921,1,3871,1,6771,1,5075,1,5416,1,5858,1,6766,1,9592
qst_0470,miscellaneous,fireflies,dsid_aea4790d4bcc45859208d7d705f682a1,1,198,1,587,1,1084,1,2078,1,5064,1,596,1,973,1,1455,1,2421,1,5341,1,1096,1,1460,1,1927,1,2858,1,5712,1,2093,1,2429,1,2868,1,3752,1,6495,1,5084,1,5375,1,5761,1,6524,1,9010
qst_0471,high_level,,,0,196,0,591,0,1089,0,2086,0,5084,0,591,0,973,0,1470,0,2460,0,5455,0,1089,0,1461,0,1957,0,2944,0,5935,0,2083,0,2444,0,2936,0,3921,0,6907,0,5079,0,5423,0,5909,0,6887,0,9845
qst_0472,high_level,,,0,184,0,566,0,1056,0,2045,0,5032,0,562,0,911,0,1368,0,2327,0,5274,0,1053,0,1378,0,1811,0,2742,0,5639,0,2046,0,2332,0,2743,0,3621,0,6450,0,5028,0,5256,0,5617,0,6410,0,9092
qst_0473,high_level,,,0,200,0,598,0,1097,0,2091,0,5080,0,599,0,991,0,1484,0,2462,0,5395,0,1097,0,1482,0,1964,0,2921,0,5778,0,2096,0,2466,0,2940,0,3848,0,6593,0,5088,0,5417,0,5864,0,6686,0,9152
qst_0474,high_level,,,0,200,0,599,0,1097,0,2091,0,5083,0,600,0,996,0,1487,0,2477,0,5452,0,1097,0,1492,0,1982,0,2969,0,5937,0,2096,0,2488,0,2973,0,3949,0,6900,0,5089,0,5465,0,5936,0,6891,0,9778
qst_0475,high_level,,,0,199,0,597,0,1093,0,2081,0,5066,0,597,0,988,0,1474,0,2448,0,5399,0,1094,0,1479,0,1957,0,2912,0,5829,0,2091,0,2464,0,2929,0,3857,0,6726,0,5077,0,5415,0,5846,0,6718,0,9469
qst_0476,high_level,,,0,186,0,570,0,1065,0,2059,0,5045,0,570,0,939,0,1413,0,2390,0,5348,0,1064,0,1420,0,1873,0,2838,0,5762,0,2053,0,2391,0,2823,0,3757,0,6633,0,5042,0,5334,0,5731,0,6609,0,9378
qst_0477,high_level,,,0,200,0,600,0,1100,0,2099,0,5097,0,600,0,1000,0,1499,0,2495,0,5488,0,1100,0,1499,0,1998,0,2991,0,5976,0,2099,0,2495,0,2991,0,3980,0,6953,0,5098,0,5485,0,5973,0,6953,0,9892
qst_0478,high_level,,,0,200,0,600,0,1100,0,2099,0,5095,0,600,0,998,0,1498,0,2496,0,5488,0,1100,0,1497,0,1996,0,2992,0,5977,0,2100,0,2497,0,2995,0,3987,0,6960,0,5098,0,5486,0,5969,0,6943,0,9883
qst_0479,high_level,,,0,200,0,599,0,1099,0,2098,0,5092,0,600,0,989,0,1482,0,2471,0,5442,0,1097,0,1478,0,1965,0,2945,0,5893,0,2091,0,2460,0,2933,0,3891,0,6800,0,5084,0,5427,0,5880,0,6781,0,9555
qst_0480,high_level,,,0,200,0,595,0,1090,0,2085,0,5081,0,593,0,977,0,1466,0,2449,0,5410,0,1087,0,1452,0,1931,0,2898,0,5821,0,2083,0,2428,0,2887,0,3833,0,6708,0,5072,0,5385,0,5814,0,6713,0,9505
qst_0481,info_not_found,,,0,172,0,569,0,1068,0,2067,0,5065,0,558,0,946,0,1441,0,2435,0,5416,0,1050,0,1436,0,1925,0,2913,0,5874,0,2044,0,2422,0,2903,0,3878,0,6798,0,5036,0,5396,0,5856,0,6795,0,9624
qst_0482,info_not_found,,,0,185,0,563,0,1047,0,2019,0,5002,0,550,0,869,0,1309,0,2194,0,5058,0,1035,0,1295,0,1694,0,2512,0,5201,0,2022,0,2214,0,2543,0,3232,0,5674,0,5011,0,5114,0,5338,0,5815,0,7710
qst_0483,info_not_found,,,0,169,0,554,0,1045,0,2040,0,5030,0,556,0,919,0,1388,0,2363,0,5323,0,1047,0,1397,0,1852,0,2807,0,5747,0,2044,0,2372,0,2806,0,3730,0,6617,0,5035,0,5332,0,5730,0,6604,0,9379
qst_0484,info_not_found,,,0,192,0,578,0,1070,0,2057,0,5041,0,582,0,949,0,1427,0,2389,0,5310,0,1077,0,1427,0,1889,0,2820,0,5694,0,2070,0,2396,0,2830,0,3721,0,6510,0,5048,0,5330,0,5701,0,6517,0,9125
qst_0485,info_not_found,,,0,197,0,595,0,1091,0,2087,0,5083,0,593,0,980,0,1470,0,2450,0,5429,0,1090,0,1465,0,1945,0,2910,0,5862,0,2081,0,2440,0,2906,0,3850,0,6760,0,5068,0,5398,0,5831,0,6720,0,9488
qst_0486,info_not_found,,,0,193,0,585,0,1076,0,2066,0,5051,0,583,0,949,0,1417,0,2377,0,5323,0,1078,0,1424,0,1882,0,2812,0,5708,0,2064,0,2382,0,2809,0,3698,0,6500,0,5043,0,5309,0,5685,0,6495,0,9101
qst_0487,info_not_found,,,0,191,0,580,0,1068,0,2055,0,5023,0,578,0,923,0,1370,0,2298,0,5164,0,1071,0,1387,0,1795,0,2675,0,5432,0,2062,0,2340,0,2707,0,3505,0,6100,0,5051,0,5268,0,5564,0,6227,0,8525
qst_0488,info_not_found,,,0,170,0,544,0,1030,0,2020,0,5010,0,549,0,879,0,1340,0,2297,0,5255,0,1040,0,1347,0,1792,0,2732,0,5649,0,2035,0,2313,0,2737,0,3636,0,6503,0,5026,0,5271,0,5653,0,6488,0,9219
qst_0489,info_not_found,,,0,187,0,586,0,1083,0,2080,0,5075,0,574,0,964,0,1458,0,2451,0,5428,0,1065,0,1453,0,1944,0,2927,0,5889,0,2055,0,2436,0,2923,0,3892,0,6821,0,5041,0,5404,0,5874,0,6812,0,9665
qst_0490,info_not_found,,,0,186,0,577,0,1070,0,2060,0,5045,0,567,0,926,0,1395,0,2346,0,5270,0,1055,0,1392,0,1830,0,2745,0,5619,0,2047,0,2331,0,2730,0,3586,0,6359,0,5035,0,5245,0,5582,0,6334,0,8890
qst_0491,info_not_found,,,0,188,0,578,0,1074,0,2066,0,5052,0,577,0,942,0,1422,0,2390,0,5336,0,1065,0,1396,0,1856,0,2802,0,5695,0,2057,0,2361,0,2798,0,3701,0,6496,0,5041,0,5287,0,5650,0,6463,0,9027
qst_0492,info_not_found,,,0,197,0,591,0,1086,0,2080,0,5058,0,586,0,961,0,1432,0,2395,0,5305,0,1076,0,1430,0,1886,0,2808,0,5647,0,2070,0,2393,0,2816,0,3678,0,6410,0,5060,0,5325,0,5702,0,6454,0,8923
qst_0493,info_not_found,,,0,177,0,553,0,1040,0,2034,0,5026,0,555,0,889,0,1342,0,2286,0,5231,0,1041,0,1338,0,1757,0,2662,0,5543,0,2027,0,2271,0,2639,0,3480,0,6246,0,5014,0,5200,0,5472,0,6175,0,8654
qst_0494,info_not_found,,,0,194,0,585,0,1078,0,2070,0,5051,0,583,0,940,0,1399,0,2361,0,5273,0,1069,0,1393,0,1822,0,2743,0,5591,0,2054,0,2335,0,2729,0,3597,0,6332,0,5036,0,5245,0,5574,0,6312,0,8796
qst_0495,info_not_found,,,0,185,0,564,0,1056,0,2048,0,5038,0,563,0,896,0,1378,0,2352,0,5313,0,1053,0,1361,0,1820,0,2775,0,5700,0,2045,0,2324,0,2765,0,3694,0,6578,0,5036,0,5286,0,5685,0,6551,0,9334
qst_0496,info_not_found,,,0,174,0,562,0,1058,0,2051,0,5039,0,558,0,921,0,1402,0,2374,0,5318,0,1048,0,1394,0,1861,0,2817,0,5720,0,2039,0,2367,0,2816,0,3744,0,6601,0,5029,0,5327,0,5743,0,6615,0,9351
qst_0497,info_not_found,,,0,193,0,580,0,1077,0,2071,0,5062,0,589,0,958,0,1437,0,2415,0,5370,0,1085,0,1448,0,1913,0,2874,0,5803,0,2079,0,2423,0,2871,0,3812,0,6679,0,5069,0,5392,0,5807,0,6686,0,9428
qst_0498,info_not_found,,,0,199,0,596,0,1092,0,2079,0,5064,0,593,0,982,0,1471,0,2435,0,5370,0,1089,0,1462,0,1941,0,2884,0,5768,0,2085,0,2440,0,2896,0,3796,0,6602,0,5067,0,5360,0,5749,0,6539,0,9129
qst_0499,info_not_found,,,0,197,0,587,0,1077,0,2067,0,5054,0,588,0,963,0,1438,0,2408,0,5370,0,1081,0,1433,0,1893,0,2850,0,5773,0,2078,0,2406,0,2844,0,3769,0,6631,0,5061,0,5345,0,5742,0,6596,0,9345
qst_0500,info_not_found,,,0,199,0,593,0,1086,0,2082,0,5071,0,594,0,974,0,1458,0,2444,0,5407,0,1087,0,1452,0,1931,0,2909,0,5846,0,2077,0,2422,0,2892,0,3851,0,6756,0,5052,0,5376,0,5823,0,6755,0,9566
